-- 2022.07.29 by sui --
INSERT INTO blacklist(blacklist_no,blacklist_reg_date,blacklist_rel_date,member_no)
VALUES(1,'2023-05-15','2023-06-30',7);
INSERT INTO blacklist(blacklist_no,blacklist_reg_date,blacklist_rel_date,member_no)
VALUES(2,'2023-06-10','2023-07-20',8);
INSERT INTO blacklist(blacklist_no,blacklist_reg_date,blacklist_rel_date,member_no)
VALUES(3,'2023-07-15', null, 9);


INSERT INTO category(category_no,country,food_type)
VALUES(1,'한국','과자');
INSERT INTO category(category_no,country,food_type)
VALUES(2,'한국','빵');
INSERT INTO category(category_no,country,food_type)
VALUES(3,'한국','사탕');
INSERT INTO category(category_no,country,food_type)
VALUES(4,'한국','음료');
INSERT INTO category(category_no,country,food_type)
VALUES(5,'한국','젤리');
INSERT INTO category(category_no,country,food_type)
VALUES(6,'한국','초콜릿');
INSERT INTO category(category_no,country,food_type)
VALUES(7,'한국','커피');
INSERT INTO category(category_no,country,food_type)
VALUES(8,'한국','차');
INSERT INTO category(category_no,country,food_type)
VALUES(9,'대만','과자');
INSERT INTO category(category_no,country,food_type)
VALUES(10,'대만','빵');
INSERT INTO category(category_no,country,food_type)
VALUES(11,'대만','사탕');
INSERT INTO category(category_no,country,food_type)
VALUES(12,'대만','음료');
INSERT INTO category(category_no,country,food_type)
VALUES(13,'대만','젤리');
INSERT INTO category(category_no,country,food_type)
VALUES(14,'대만','초콜릿');
INSERT INTO category(category_no,country,food_type)
VALUES(15,'대만','커피');
INSERT INTO category(category_no,country,food_type)
VALUES(16,'대만','차');
INSERT INTO category(category_no,country,food_type)
VALUES(17,'독일','과자');
INSERT INTO category(category_no,country,food_type)
VALUES(18,'독일','빵');
INSERT INTO category(category_no,country,food_type)
VALUES(19,'독일','사탕');
INSERT INTO category(category_no,country,food_type)
VALUES(20,'독일','음료');
INSERT INTO category(category_no,country,food_type)
VALUES(21,'독일','젤리');
INSERT INTO category(category_no,country,food_type)
VALUES(22,'독일','초콜릿');
INSERT INTO category(category_no,country,food_type)
VALUES(23,'독일','커피');
INSERT INTO category(category_no,country,food_type)
VALUES(24,'독일','차');
INSERT INTO category(category_no,country,food_type)
VALUES(25,'말레이시아','과자');
INSERT INTO category(category_no,country,food_type)
VALUES(26,'말레이시아','빵');
INSERT INTO category(category_no,country,food_type)
VALUES(27,'말레이시아','사탕');
INSERT INTO category(category_no,country,food_type)
VALUES(28,'말레이시아','음료');
INSERT INTO category(category_no,country,food_type)
VALUES(29,'말레이시아','젤리');
INSERT INTO category(category_no,country,food_type)
VALUES(30,'말레이시아','초콜릿');
INSERT INTO category(category_no,country,food_type)
VALUES(31,'말레이시아','커피');
INSERT INTO category(category_no,country,food_type)
VALUES(32,'말레이시아','차');
INSERT INTO category(category_no,country,food_type)
VALUES(33,'미국','과자');
INSERT INTO category(category_no,country,food_type)
VALUES(34,'미국','빵');
INSERT INTO category(category_no,country,food_type)
VALUES(35,'미국','사탕');
INSERT INTO category(category_no,country,food_type)
VALUES(36,'미국','음료');
INSERT INTO category(category_no,country,food_type)
VALUES(37,'미국','젤리');
INSERT INTO category(category_no,country,food_type)
VALUES(38,'미국','초콜릿');
INSERT INTO category(category_no,country,food_type)
VALUES(39,'미국','커피');
INSERT INTO category(category_no,country,food_type)
VALUES(40,'미국','차');
INSERT INTO category(category_no,country,food_type)
VALUES(41,'베트남','과자');
INSERT INTO category(category_no,country,food_type)
VALUES(42,'베트남','빵');
INSERT INTO category(category_no,country,food_type)
VALUES(43,'베트남','사탕');
INSERT INTO category(category_no,country,food_type)
VALUES(44,'베트남','음료');
INSERT INTO category(category_no,country,food_type)
VALUES(45,'베트남','젤리');
INSERT INTO category(category_no,country,food_type)
VALUES(46,'베트남','초콜릿');
INSERT INTO category(category_no,country,food_type)
VALUES(47,'베트남','커피');
INSERT INTO category(category_no,country,food_type)
VALUES(48,'베트남','차');
INSERT INTO category(category_no,country,food_type)
VALUES(49,'벨기에','과자');
INSERT INTO category(category_no,country,food_type)
VALUES(50,'벨기에','빵');
INSERT INTO category(category_no,country,food_type)
VALUES(51,'벨기에','사탕');
INSERT INTO category(category_no,country,food_type)
VALUES(52,'벨기에','음료');
INSERT INTO category(category_no,country,food_type)
VALUES(53,'벨기에','젤리');
INSERT INTO category(category_no,country,food_type)
VALUES(54,'벨기에','초콜릿');
INSERT INTO category(category_no,country,food_type)
VALUES(55,'벨기에','커피');
INSERT INTO category(category_no,country,food_type)
VALUES(56,'벨기에','차');
INSERT INTO category(category_no,country,food_type)
VALUES(57,'스웨덴','과자');
INSERT INTO category(category_no,country,food_type)
VALUES(58,'스웨덴','빵');
INSERT INTO category(category_no,country,food_type)
VALUES(59,'스웨덴','사탕');
INSERT INTO category(category_no,country,food_type)
VALUES(60,'스웨덴','음료');
INSERT INTO category(category_no,country,food_type)
VALUES(61,'스웨덴','젤리');
INSERT INTO category(category_no,country,food_type)
VALUES(62,'스웨덴','초콜릿');
INSERT INTO category(category_no,country,food_type)
VALUES(63,'스웨덴','커피');
INSERT INTO category(category_no,country,food_type)
VALUES(64,'스웨덴','차');
INSERT INTO category(category_no,country,food_type)
VALUES(65,'스위스','과자');
INSERT INTO category(category_no,country,food_type)
VALUES(66,'스위스','빵');
INSERT INTO category(category_no,country,food_type)
VALUES(67,'스위스','사탕');
INSERT INTO category(category_no,country,food_type)
VALUES(68,'스위스','음료');
INSERT INTO category(category_no,country,food_type)
VALUES(69,'스위스','젤리');
INSERT INTO category(category_no,country,food_type)
VALUES(70,'스위스','초콜릿');
INSERT INTO category(category_no,country,food_type)
VALUES(71,'스위스','커피');
INSERT INTO category(category_no,country,food_type)
VALUES(72,'스위스','차');
INSERT INTO category(category_no,country,food_type)
VALUES(73,'영국','과자');
INSERT INTO category(category_no,country,food_type)
VALUES(74,'영국','빵');
INSERT INTO category(category_no,country,food_type)
VALUES(75,'영국','사탕');
INSERT INTO category(category_no,country,food_type)
VALUES(76,'영국','음료');
INSERT INTO category(category_no,country,food_type)
VALUES(77,'영국','젤리');
INSERT INTO category(category_no,country,food_type)
VALUES(78,'영국','초콜릿');
INSERT INTO category(category_no,country,food_type)
VALUES(79,'영국','커피');
INSERT INTO category(category_no,country,food_type)
VALUES(80,'영국','차');
INSERT INTO category(category_no,country,food_type)
VALUES(81,'이탈리아','과자');
INSERT INTO category(category_no,country,food_type)
VALUES(82,'이탈리아','빵');
INSERT INTO category(category_no,country,food_type)
VALUES(83,'이탈리아','사탕');
INSERT INTO category(category_no,country,food_type)
VALUES(84,'이탈리아','음료');
INSERT INTO category(category_no,country,food_type)
VALUES(85,'이탈리아','젤리');
INSERT INTO category(category_no,country,food_type)
VALUES(86,'이탈리아','초콜릿');
INSERT INTO category(category_no,country,food_type)
VALUES(87,'이탈리아','커피');
INSERT INTO category(category_no,country,food_type)
VALUES(88,'이탈리아','차');
INSERT INTO category(category_no,country,food_type)
VALUES(89,'인도','과자');
INSERT INTO category(category_no,country,food_type)
VALUES(90,'인도','빵');
INSERT INTO category(category_no,country,food_type)
VALUES(91,'인도','사탕');
INSERT INTO category(category_no,country,food_type)
VALUES(92,'인도','음료');
INSERT INTO category(category_no,country,food_type)
VALUES(93,'인도','젤리');
INSERT INTO category(category_no,country,food_type)
VALUES(94,'인도','초콜릿');
INSERT INTO category(category_no,country,food_type)
VALUES(95,'인도','커피');
INSERT INTO category(category_no,country,food_type)
VALUES(96,'인도','차');
INSERT INTO category(category_no,country,food_type)
VALUES(97,'일본','과자');
INSERT INTO category(category_no,country,food_type)
VALUES(98,'일본','빵');
INSERT INTO category(category_no,country,food_type)
VALUES(99,'일본','사탕');
INSERT INTO category(category_no,country,food_type)
VALUES(100,'일본','음료');
INSERT INTO category(category_no,country,food_type)
VALUES(101,'일본','젤리');
INSERT INTO category(category_no,country,food_type)
VALUES(102,'일본','초콜릿');
INSERT INTO category(category_no,country,food_type)
VALUES(103,'일본','커피');
INSERT INTO category(category_no,country,food_type)
VALUES(104,'일본','차');
INSERT INTO category(category_no,country,food_type)
VALUES(105,'캐나다','과자');
INSERT INTO category(category_no,country,food_type)
VALUES(106,'캐나다','빵');
INSERT INTO category(category_no,country,food_type)
VALUES(107,'캐나다','사탕');
INSERT INTO category(category_no,country,food_type)
VALUES(108,'캐나다','음료');
INSERT INTO category(category_no,country,food_type)
VALUES(109,'캐나다','젤리');
INSERT INTO category(category_no,country,food_type)
VALUES(110,'캐나다','초콜릿');
INSERT INTO category(category_no,country,food_type)
VALUES(111,'캐나다','커피');
INSERT INTO category(category_no,country,food_type)
VALUES(112,'캐나다','차');
INSERT INTO category(category_no,country,food_type)
VALUES(113,'태국','과자');
INSERT INTO category(category_no,country,food_type)
VALUES(114,'태국','빵');
INSERT INTO category(category_no,country,food_type)
VALUES(115,'태국','사탕');
INSERT INTO category(category_no,country,food_type)
VALUES(116,'태국','음료');
INSERT INTO category(category_no,country,food_type)
VALUES(117,'태국','젤리');
INSERT INTO category(category_no,country,food_type)
VALUES(118,'태국','초콜릿');
INSERT INTO category(category_no,country,food_type)
VALUES(119,'태국','커피');
INSERT INTO category(category_no,country,food_type)
VALUES(120,'태국','차');
INSERT INTO category(category_no,country,food_type)
VALUES(121,'튀르키예','과자');
INSERT INTO category(category_no,country,food_type)
VALUES(122,'튀르키예','빵');
INSERT INTO category(category_no,country,food_type)
VALUES(123,'튀르키예','사탕');
INSERT INTO category(category_no,country,food_type)
VALUES(124,'튀르키예','음료');
INSERT INTO category(category_no,country,food_type)
VALUES(125,'튀르키예','젤리');
INSERT INTO category(category_no,country,food_type)
VALUES(126,'튀르키예','초콜릿');
INSERT INTO category(category_no,country,food_type)
VALUES(127,'튀르키예','커피');
INSERT INTO category(category_no,country,food_type)
VALUES(128,'튀르키예','차');
INSERT INTO category(category_no,country,food_type)
VALUES(129,'폴란드','과자');
INSERT INTO category(category_no,country,food_type)
VALUES(130,'폴란드','빵');
INSERT INTO category(category_no,country,food_type)
VALUES(131,'폴란드','사탕');
INSERT INTO category(category_no,country,food_type)
VALUES(132,'폴란드','음료');
INSERT INTO category(category_no,country,food_type)
VALUES(133,'폴란드','젤리');
INSERT INTO category(category_no,country,food_type)
VALUES(134,'폴란드','초콜릿');
INSERT INTO category(category_no,country,food_type)
VALUES(135,'폴란드','커피');
INSERT INTO category(category_no,country,food_type)
VALUES(136,'폴란드','차');
INSERT INTO category(category_no,country,food_type)
VALUES(137,'프랑스','과자');
INSERT INTO category(category_no,country,food_type)
VALUES(138,'프랑스','빵');
INSERT INTO category(category_no,country,food_type)
VALUES(139,'프랑스','사탕');
INSERT INTO category(category_no,country,food_type)
VALUES(140,'프랑스','음료');
INSERT INTO category(category_no,country,food_type)
VALUES(141,'프랑스','젤리');
INSERT INTO category(category_no,country,food_type)
VALUES(142,'프랑스','초콜릿');
INSERT INTO category(category_no,country,food_type)
VALUES(143,'프랑스','커피');
INSERT INTO category(category_no,country,food_type)
VALUES(144,'프랑스','차');
INSERT INTO category(category_no,country,food_type)
VALUES(145,'필리핀','과자');
INSERT INTO category(category_no,country,food_type)
VALUES(146,'필리핀','빵');
INSERT INTO category(category_no,country,food_type)
VALUES(147,'필리핀','사탕');
INSERT INTO category(category_no,country,food_type)
VALUES(148,'필리핀','음료');
INSERT INTO category(category_no,country,food_type)
VALUES(149,'필리핀','젤리');
INSERT INTO category(category_no,country,food_type)
VALUES(150,'필리핀','초콜릿');
INSERT INTO category(category_no,country,food_type)
VALUES(151,'필리핀','커피');
INSERT INTO category(category_no,country,food_type)
VALUES(152,'필리핀','차');
INSERT INTO category(category_no,country,food_type)
VALUES(153,'호주','과자');
INSERT INTO category(category_no,country,food_type)
VALUES(154,'호주','빵');
INSERT INTO category(category_no,country,food_type)
VALUES(155,'호주','사탕');
INSERT INTO category(category_no,country,food_type)
VALUES(156,'호주','음료');
INSERT INTO category(category_no,country,food_type)
VALUES(157,'호주','젤리');
INSERT INTO category(category_no,country,food_type)
VALUES(158,'호주','초콜릿');
INSERT INTO category(category_no,country,food_type)
VALUES(159,'호주','커피');
INSERT INTO category(category_no,country,food_type)
VALUES(160,'호주','차');

-- 23.07.29 손정인
INSERT INTO food(food_no,food_name,country,food_type,food_rate,food_price)
VALUES(1,'오레오(OREO)','한국','과자',4.7,2000);
INSERT INTO food(food_no,food_name,country,food_type,food_rate,food_price)
VALUES(2,'초코롤(CHOCO ROLL)','한국','빵',5.0,3000);
INSERT INTO food(food_no,food_name,country,food_type,food_rate,food_price)
VALUES(3,'초록매실(GREEN PLUM)','한국','음료',4.3,1800);
INSERT INTO food(food_no,food_name,country,food_type,food_rate,food_price)
VALUES(4,'칙촉(CIG-COG)','한국','과자',3.3,1800);
INSERT INTO food(food_no,food_name,country,food_type,food_rate,food_price)
VALUES(5,'몽쉘(MONCHER)','한국','과자',2.3,4500);
INSERT INTO food(food_no,food_name,country,food_type,food_rate,food_price)
VALUES(6,'통크(TONK)','한국','과자',1.3,4500);
INSERT INTO food(food_no,food_name,country,food_type,food_rate,food_price)
VALUES(7,'빼빼로 오리지널(PEPERO ORIGINAL)','한국','과자',4.33,1700);
INSERT INTO food(food_no,food_name,country,food_type,food_rate,food_price)
VALUES(8,'새우깡(SAEWOOKKANG)','한국','과자',2.2,2300);
INSERT INTO food(food_no,food_name,country,food_type,food_rate,food_price)
VALUES(9,'콘칩(CORN CHIP)','한국','과자',3.89,3000);
INSERT INTO food(food_no,food_name,country,food_type,food_rate,food_price)
VALUES(10,'오감자 오리지널(OHGAMJA)','한국','과자',2.0,2500);
INSERT INTO food(food_no,food_name,country,food_type,food_rate,food_price)
VALUES(11,'스윙칩(SWING CHIP)','한국','과자',4.38,2500);
INSERT INTO food(food_no,food_name,country,food_type,food_rate,food_price)
VALUES(12,'보름달(FULL MOON)','한국','빵',4.31,2800);
INSERT INTO food(food_no,food_name,country,food_type,food_rate,food_price)
VALUES(13,'바나나킥(BANANA KICK)','한국','과자',4.25,3400);
INSERT INTO food(food_no,food_name,country,food_type,food_rate,food_price)
VALUES(14,'바나나맛 우유(BANANA MILK)','한국','과자',3.76,1700);
INSERT INTO food(food_no,food_name,country,food_type,food_rate,food_price)
VALUES(15,'딸기맛 우유(STRAWBERRY MILK)','한국','과자',4.3,1700);
INSERT INTO food(food_no,food_name,country,food_type,food_rate,food_price)
VALUES(16,'사또밥(SATTOBAB)','한국','과자',2.3,2300);
INSERT INTO food(food_no,food_name,country,food_type,food_rate,food_price)
VALUES(17,'초코하임(CHOCO HEIM)','한국','과자',4.3,3700);
INSERT INTO food(food_no,food_name,country,food_type,food_rate,food_price)
VALUES(18,'화이트하임(WHITE HEIM)','한국','과자',4.2,3700);
INSERT INTO food(food_no,food_name,country,food_type,food_rate,food_price)
VALUES(19,'치토스 퍼프(CHEETOS PUFF)','미국','과자',5.0,3500);
INSERT INTO food(food_no,food_name,country,food_type,food_rate,food_price)
VALUES(20,'사워 밤즈(SOUR BOMBS)','미국','과자',4.3,4500);
INSERT INTO food(food_no,food_name,country,food_type,food_rate,food_price)
VALUES(21,'라이스크리스피(RICE CRISPY)','미국','과자',3.6,7500);
INSERT INTO food(food_no,food_name,country,food_type,food_rate,food_price)
VALUES(22,'팝타르트 딸기(POPTART STRAWBERRY)','미국','과자',2.7,6500);
INSERT INTO food(food_no,food_name,country,food_type,food_rate,food_price)
VALUES(23,'팝타르트 블루베리(POPTART BLUEBERRY)','미국','과자',4.38,6500);
INSERT INTO food(food_no,food_name,country,food_type,food_rate,food_price)
VALUES(24,'피넛버터 프레츨(PB PRETZEL)','미국','과자',2.99,4500);
INSERT INTO food(food_no,food_name,country,food_type,food_rate,food_price)
VALUES(25,'시나몬 토스트 크런치(CINNAMON TOAST)','미국','과자',4.2658,6000);
INSERT INTO food(food_no,food_name,country,food_type,food_rate,food_price)
VALUES(26,'프룻 롤업(FRUIT ROLLUP)','미국','과자',2.146,5500);
INSERT INTO food(food_no,food_name,country,food_type,food_rate,food_price)
VALUES(27,'자이언트 수이(GIANT CHEWY)','미국','과자',4.325,2500);
INSERT INTO food(food_no,food_name,country,food_type,food_rate,food_price)
VALUES(28,'투니스(TOONIES)','미국','과자',4.09,6300);
INSERT INTO food(food_no,food_name,country,food_type,food_rate,food_price)
VALUES(29,'체스터스(CHESTERS)','미국','과자',4.53,4000);
-- 23.07.29 손정인



INSERT INTO food_pic(food_no,food_pic_url)
VALUES(1,'/assets/img/Oreo-Two-Cookies.jpg');
INSERT INTO food_pic(food_no,food_pic_url)
VALUES(2,'/assets/img/chocoroll.jpg');
INSERT INTO food_pic(food_no,food_pic_url)
VALUES(3,'/assets/img/chorokmaesil.jpg');
INSERT INTO food_pic(food_no,food_pic_url)
VALUES(4,'/assets/img/chickchok.png');
--손정인
INSERT INTO food_pic(food_no,food_pic_url)
VALUES(5,'/assets/img/moncher.jpg');
INSERT INTO food_pic(food_no,food_pic_url)
VALUES(6,'/assets/img/tonk.jpg');
INSERT INTO food_pic(food_no,food_pic_url)
VALUES(7,'/assets/img/pepero_original.png');
INSERT INTO food_pic(food_no,food_pic_url)
VALUES(8,'/assets/img/saewookkang.jpg');
INSERT INTO food_pic(food_no,food_pic_url)
VALUES(9,'/assets/img/cornchip.jpg');
INSERT INTO food_pic(food_no,food_pic_url)
VALUES(10,'/assets/img/ohgamja.jpg');
INSERT INTO food_pic(food_no,food_pic_url)
VALUES(11,'/assets/img/swingchip.jpg');
INSERT INTO food_pic(food_no,food_pic_url)
VALUES(12,'/assets/img/fullmoon.jpg');
INSERT INTO food_pic(food_no,food_pic_url)
VALUES(13,'/assets/img/bananakick.jpg');
INSERT INTO food_pic(food_no,food_pic_url)
VALUES(14,'/assets/img/bananamilk.jpg');
INSERT INTO food_pic(food_no,food_pic_url)
VALUES(15,'/assets/img/strawberrymilk.jpg');
--손정인
-- 23.07.29 by sjPark
INSERT INTO food_pic(food_no,food_pic_url)
VALUES(16,'/assets/img/사또밥.jpg');
INSERT INTO food_pic(food_no,food_pic_url)
VALUES(17,'/assets/img/초코하임.jpg');
INSERT INTO food_pic(food_no,food_pic_url)
VALUES(18,'/assets/img/화이트하임.jpg');
INSERT INTO food_pic(food_no,food_pic_url)
VALUES(19,'/assets/img/치토스퍼프.jpg');
INSERT INTO food_pic(food_no,food_pic_url)
VALUES(20,'/assets/img/사워밤즈.jpg');
INSERT INTO food_pic(food_no,food_pic_url)
VALUES(21,'/assets/img/라이스크리스피.jpg');
INSERT INTO food_pic(food_no,food_pic_url)
VALUES(22,'/assets/img/팝타르트딸기.jpg');
INSERT INTO food_pic(food_no,food_pic_url)
VALUES(23,'/assets/img/팝타르트블루베리.jpg');
INSERT INTO food_pic(food_no,food_pic_url)
VALUES(24,'/assets/img/피넛버터프레츨.jpg');
INSERT INTO food_pic(food_no,food_pic_url)
VALUES(25,'/assets/img/시나몬토스트크런치.jpg');
INSERT INTO food_pic(food_no,food_pic_url)
VALUES(26,'/assets/img/프룻롤업.jpg');
INSERT INTO food_pic(food_no,food_pic_url)
VALUES(27,'/assets/img/자이언트츄이.jpg');
INSERT INTO food_pic(food_no,food_pic_url)
VALUES(28,'/assets/img/투니스.jpg');
INSERT INTO food_pic(food_no,food_pic_url)
VALUES(29,'/assets/img/체스터스.jpg');
-- 2023.07.29 by sjPark --

-- 2023.07.29 by sjPark --
INSERT INTO member (member_no, member_birth, blacklist_type, member_country, member_email, member_gender, member_grant, member_id, member_nickname, member_pwd, member_report_cnt)
VALUES (1, '2001-08-04', 1, '한국', 'admin@cacaumca.store', 'F', 'ROLE_ADMIN', 'admin', '관리자', '$2a$12$jirbZeEp2BWrrlwXxIjb5uAFhF//a.nMocLQlYb58mV4wKNq5GvCC', 0);
INSERT INTO member (member_no, member_birth, blacklist_type, member_country, member_email, member_gender, member_grant, member_id, member_nickname, member_pwd, member_report_cnt)
VALUES (2, '2001-08-04', 1, '한국', 'myrhymetree@cacamuca.strore', 'M', 'ROLE_MEMBER', 'abc000', '초코맛있다', '$2a$12$jirbZeEp2BWrrlwXxIjb5uAFhF//a.nMocLQlYb58mV4wKNq5GvCC', 8);
INSERT INTO member (member_no, member_birth, blacklist_type, member_country, member_email, member_gender, member_grant, member_id, member_nickname, member_pwd, member_report_cnt)
VALUES (3, '1990-01-20', 1, '한국', 'zmzlsk@cacamuca.store', 'F', 'ROLE_MEMBER', 'abc001', '오늘은뭐먹지', '$2a$12$S.uKNb4nk6g4RFUsxDYyZO6UTbdvotNsOJPmvUM/E2O7gMVguv7Cu', 31);
INSERT INTO member (member_no, member_birth, blacklist_type, member_country, member_email, member_gender, member_grant, member_id, member_nickname, member_pwd, member_report_cnt)
VALUES (4, '1990-02-20', 0, '한국', 'gagamel@cacamuca.store', 'F', 'ROLE_MEMBER', 'abc002', '가가멜', '$2a$12$Zvaej4PNgRURKlAMPurdsuq3y/ScO/wU8g0iRyHj8yYlDypmbjwhq', 0);
INSERT INTO member (member_no, member_birth, blacklist_type, member_country, member_email, member_gender, member_grant, member_id, member_nickname, member_pwd, member_report_cnt)
VALUES (5, '1993-09-20', 0, '한국', 'ehowld@cacamuca.strore', 'F', 'ROLE_MEMBER', 'abc003', '스머프', '$2a$12$Zvaej4PNgRURKlAMPurdsuq3y/ScO/wU8g0iRyHj8yYlDypmbjwhq', 0);
INSERT INTO member (member_no, member_birth, blacklist_type, member_country, member_email, member_gender, member_grant, member_id, member_nickname, member_pwd, member_report_cnt)
VALUES (6, '1994-09-20', 0, '한국', 'fighting@cacamuca.strore', 'F', 'ROLE_MEMBER', 'abc004', '화이팅', '$2a$12$Zvaej4PNgRURKlAMPurdsuq3y/ScO/wU8g0iRyHj8yYlDypmbjwhq', 0);
INSERT INTO member (member_no, member_birth, blacklist_type, member_country, member_email, member_gender, member_grant, member_id, member_nickname, member_pwd, member_report_cnt)
VALUES (7, '1996-09-20', 0, '한국', 'blah@cacamuca.strore', 'F', 'ROLE_MEMBER', 'abc005', '블라블라', '$2a$12$Zvaej4PNgRURKlAMPurdsuq3y/ScO/wU8g0iRyHj8yYlDypmbjwhq', 0);
INSERT INTO member (member_no, member_birth, blacklist_type, member_country, member_email, member_gender, member_grant, member_id, member_nickname, member_pwd, member_report_cnt)
VALUES (8, '1997-11-20', 0, '한국', 'blind@cacamuca.store', 'F', 'ROLE_MEMBER', 'abc006', '블라인드', '$2a$12$Zvaej4PNgRURKlAMPurdsuq3y/ScO/wU8g0iRyHj8yYlDypmbjwhq', 0);
INSERT INTO member (member_no, member_birth, blacklist_type, member_country, member_email, member_gender, member_grant, member_id, member_nickname, member_pwd, member_report_cnt)
VALUES (9, '2008-11-30', 0, '한국', 'betman@cacamuca.strore', 'F', 'ROLE_MEMBER', 'abc007', '배트맨', '$2a$12$Zvaej4PNgRURKlAMPurdsuq3y/ScO/wU8g0iRyHj8yYlDypmbjwhq', 0);
INSERT INTO member (member_no, member_birth, blacklist_type, member_country, member_email, member_gender, member_grant, member_id, member_nickname, member_pwd, member_report_cnt)
VALUES (10, '2000-11-30', 0, '한국', 'superman@cacamuca.strore', 'F', 'ROLE_MEMBER', 'abc008', '슈퍼맨', '$2a$12$Zvaej4PNgRURKlAMPurdsuq3y/ScO/wU8g0iRyHj8yYlDypmbjwhq', 0);
INSERT INTO member (member_no, member_birth, blacklist_type, member_country, member_email, member_gender, member_grant, member_id, member_nickname, member_pwd, member_report_cnt)
VALUES (11, '2001-11-30', 0, '한국', 'ironman@cacamuca.strore', 'F', 'ROLE_MEMBER', 'abc009', '아이언맨', '$2a$12$Zvaej4PNgRURKlAMPurdsuq3y/ScO/wU8g0iRyHj8yYlDypmbjwhq', 0);
INSERT INTO member (member_no, member_birth, blacklist_type, member_country, member_email, member_gender, member_grant, member_id, member_nickname, member_pwd, member_report_cnt)
VALUES (12, '2002-11-30', 0, '한국', 'snack@cacamuca.strore', 'F', 'ROLE_MEMBER', 'abc010', '과자', '$2a$12$Zvaej4PNgRURKlAMPurdsuq3y/ScO/wU8g0iRyHj8yYlDypmbjwhq', 0);
INSERT INTO member (member_no, member_birth, blacklist_type, member_country, member_email, member_gender, member_grant, member_id, member_nickname, member_pwd, member_report_cnt)
VALUES (13, '2003-11-30', 0, '한국', 'teatime@cacamuca.strore', 'F', 'ROLE_MEMBER', 'abc011', '티타임', '$2a$12$Zvaej4PNgRURKlAMPurdsuq3y/ScO/wU8g0iRyHj8yYlDypmbjwhq', 0);
INSERT INTO member (member_no, member_birth, blacklist_type, member_country, member_email, member_gender, member_grant, member_id, member_nickname, member_pwd, member_report_cnt)
VALUES (14, '2004-11-30', 0, '한국', 'stat@cacamuca.strore', 'F', 'ROLE_MEMBER', 'stat000', '통계걸', '$2a$12$Zvaej4PNgRURKlAMPurdsuq3y/ScO/wU8g0iRyHj8yYlDypmbjwhq', 0);
INSERT INTO member (member_no, member_birth, blacklist_type, member_country, member_email, member_gender, member_grant, member_id, member_nickname, member_pwd, member_report_cnt)
VALUES (15, '2008-11-30', 0, '한국', 'stat2@cacamuca.strore', 'M', 'ROLE_MEMBER', 'stat111', '통계보이', '$2a$12$Zvaej4PNgRURKlAMPurdsuq3y/ScO/wU8g0iRyHj8yYlDypmbjwhq', 0);
--- 2023.07.29 by sjPark --


INSERT INTO member(member_id,member_pwd,member_nickname,member_email,member_grant,member_report_cnt,member_birth,member_country,member_gender)
-- VALUES('admin','pwd000','관리자','admin@cacaumca.store',20,0,'2001-08-04');
VALUES('admin','$2a$12$jirbZeEp2BWrrlwXxIjb5uAFhF//a.nMocLQlYb58mV4wKNq5GvCC','관리자','admin@cacaumca.store','ROLE_ADMIN',0,'2001-08-04','한국','F');
INSERT INTO member(member_id,member_pwd,member_nickname,member_email,member_grant,member_report_cnt,member_birth,member_country, member_gender)
-- VALUES('abc000','pwd000','초코맛있다','dkem@gmail.com',20,0,'2001-08-04');
VALUES('abc000','$2a$12$jirbZeEp2BWrrlwXxIjb5uAFhF//a.nMocLQlYb58mV4wKNq5GvCC','초코맛있다','myrhymetree@gmail.com','ROLE_MEMBER',0,'2001-08-04','한국','M');
INSERT INTO member(member_id,member_pwd,member_nickname,member_email,member_grant,member_report_cnt,member_birth,member_country,member_gender)
-- VALUES('abc001','pwd111','오늘은뭐먹지','zmzlsk@gmail.com',30,20,'1990-01-20');
VALUES('abc001','$2a$12$S.uKNb4nk6g4RFUsxDYyZO6UTbdvotNsOJPmvUM/E2O7gMVguv7Cu','오늘은뭐먹지','zmzlsk@gmail.com','ROLE_MEMBER',20,'1990-01-20','한국', 'F');
INSERT INTO member(member_id,member_pwd,member_nickname,member_email,member_grant,member_report_cnt,member_birth,member_country,member_gender)
-- VALUES('abc002','pwd222','돼징','ehowld@gmail.com',10,10,'2008-11-30');
VALUES('abc002','$2a$12$Zvaej4PNgRURKlAMPurdsuq3y/ScO/wU8g0iRyHj8yYlDypmbjwhq','돼징','ehowld@gmail.com','ROLE_MEMBER',0,'2008-11-30','한국','F');
INSERT INTO member(member_id,member_pwd,member_nickname,member_email,member_grant,member_report_cnt,member_birth,member_country,member_gender)
-- VALUES('abc003','pwd222','돼징','ehowld@gmail.com',10,10,'2008-11-30');
VALUES('abc003','$2a$12$Zvaej4PNgRURKlAMPurdsuq3y/ScO/wU8g0iRyHj8yYlDypmbjwhq','돼징','ehowld@gmail.com','ROLE_MEMBER',0,'2008-11-30','한국','F');
INSERT INTO member(member_id,member_pwd,member_nickname,member_email,member_grant,member_report_cnt,member_birth,member_country,member_gender)
-- VALUES('abc004','pwd222','돼징','ehowld@gmail.com',10,10,'2008-11-30');
VALUES('abc004','$2a$12$Zvaej4PNgRURKlAMPurdsuq3y/ScO/wU8g0iRyHj8yYlDypmbjwhq','돼징','ehowld@gmail.com','ROLE_MEMBER',0,'2008-11-30','한국','F');
INSERT INTO member(member_id,member_pwd,member_nickname,member_email,member_grant,member_report_cnt,member_birth,member_country,member_gender)
-- VALUES('abc005','pwd222','돼징','ehowld@gmail.com',10,10,'2008-11-30');
VALUES('abc005','$2a$12$Zvaej4PNgRURKlAMPurdsuq3y/ScO/wU8g0iRyHj8yYlDypmbjwhq','돼징','ehowld@gmail.com','ROLE_MEMBER',0,'2008-11-30','한국','F');
INSERT INTO member(member_id,member_pwd,member_nickname,member_email,member_grant,member_report_cnt,member_birth,member_country,member_gender)
-- VALUES('abc006','pwd222','돼징','ehowld@gmail.com',10,10,'2008-11-30');
VALUES('abc006','$2a$12$Zvaej4PNgRURKlAMPurdsuq3y/ScO/wU8g0iRyHj8yYlDypmbjwhq','돼징','ehowld@gmail.com','ROLE_MEMBER',0,'2008-11-30','한국','F');
INSERT INTO member(member_id,member_pwd,member_nickname,member_email,member_grant,member_report_cnt,member_birth,member_country,member_gender)
-- VALUES('abc007','pwd222','돼징','ehowld@gmail.com',10,10,'2008-11-30');
VALUES('abc007','$2a$12$Zvaej4PNgRURKlAMPurdsuq3y/ScO/wU8g0iRyHj8yYlDypmbjwhq','돼징','ehowld@gmail.com','ROLE_MEMBER',0,'2008-11-30','한국','F');
INSERT INTO member(member_id,member_pwd,member_nickname,member_email,member_grant,member_report_cnt,member_birth,member_country,member_gender)
-- VALUES('abc008','pwd222','돼징','ehowld@gmail.com',10,10,'2008-11-30');
VALUES('abc008','$2a$12$Zvaej4PNgRURKlAMPurdsuq3y/ScO/wU8g0iRyHj8yYlDypmbjwhq','돼징','ehowld@gmail.com','ROLE_MEMBER',0,'2008-11-30','한국','F');
INSERT INTO member(member_id,member_pwd,member_nickname,member_email,member_grant,member_report_cnt,member_birth,member_country,member_gender)
-- VALUES('abc009','pwd222','돼징','ehowld@gmail.com',10,10,'2008-11-30');
VALUES('abc009','$2a$12$Zvaej4PNgRURKlAMPurdsuq3y/ScO/wU8g0iRyHj8yYlDypmbjwhq','돼징','ehowld@gmail.com','ROLE_MEMBER',0,'2008-11-30','한국','F');
INSERT INTO member(member_id,member_pwd,member_nickname,member_email,member_grant,member_report_cnt,member_birth,member_country,member_gender)
-- VALUES('abc010','pwd222','돼징','ehowld@gmail.com',10,10,'2008-11-30');
VALUES('abc010','$2a$12$Zvaej4PNgRURKlAMPurdsuq3y/ScO/wU8g0iRyHj8yYlDypmbjwhq','돼징','ehowld@gmail.com','ROLE_MEMBER',0,'2008-11-30','한국','F');
INSERT INTO member(member_id,member_pwd,member_nickname,member_email,member_grant,member_report_cnt,member_birth,member_country,member_gender)
-- VALUES('abc011','pwd222','돼징','ehowld@gmail.com',10,10,'2008-11-30');
VALUES('abc011','$2a$12$Zvaej4PNgRURKlAMPurdsuq3y/ScO/wU8g0iRyHj8yYlDypmbjwhq','돼징','ehowld@gmail.com','ROLE_MEMBER',0,'2008-11-30','한국','F');

-- 2022.07.29 by sui --
INSERT INTO report(report_no,review_no,report_member_no,reported_member_no,report_type)
VALUES(1,10,2,1,1);
INSERT INTO report(report_no,review_no,report_member_no,reported_member_no,report_type)
VALUES(2,2,5,2,4);
INSERT INTO report(report_no,review_no,report_member_no,reported_member_no,report_type)
VALUES(3,2,4,2,4);
INSERT INTO report(report_no,review_no,report_member_no,reported_member_no,report_type)
VALUES(4,2,3,2,2);
INSERT INTO report(report_no,review_no,report_member_no,reported_member_no,report_type)
VALUES(5,10,2,1,3);
INSERT INTO report(report_no,review_no,report_member_no,reported_member_no,report_type)
VALUES(6,10,3,1,1);
INSERT INTO report(report_no,review_no,report_member_no,reported_member_no,report_type)
VALUES(7,10,2,1,1);
INSERT INTO report(report_no,review_no,report_member_no,reported_member_no,report_type)
VALUES(8,19,5,3,3);
INSERT INTO report(report_no,review_no,report_member_no,reported_member_no,report_type)
VALUES(9,2,6,2,2);
INSERT INTO report(report_no,review_no,report_member_no,reported_member_no,report_type)
VALUES(10,2,8,2,4);
INSERT INTO report(report_no,review_no,report_member_no,reported_member_no,report_type)
VALUES(11,10,2,1,2);
INSERT INTO report(report_no,review_no,report_member_no,reported_member_no,report_type)
VALUES(12,19,4,3,2);
INSERT INTO report(report_no,review_no,report_member_no,reported_member_no,report_type)
VALUES(13,2,4,2,3);
INSERT INTO report(report_no,review_no,report_member_no,reported_member_no,report_type)
VALUES(14,10,3,1,3);
INSERT INTO report(report_no,review_no,report_member_no,reported_member_no,report_type)
VALUES(15,19,6,3,2);
INSERT INTO report(report_no,review_no,report_member_no,reported_member_no,report_type)
VALUES(16,10,3,1,1);
INSERT INTO report(report_no,review_no,report_member_no,reported_member_no,report_type)
VALUES(17,19,2,3,3);
INSERT INTO report(report_no,review_no,report_member_no,reported_member_no,report_type)
VALUES(18,19,7,3,2);

--손정인
INSERT INTO request(request_country, request_food_type, request_food,request_price,request_member_no, request_content)
VALUES('한국','빵','밤맛 쁘띠몽쉘',4200, 1, '노티드 콜라보 제품인데 추가해주세요');
INSERT INTO request(request_country, request_food_type, request_food,request_price,request_member_no, request_content)
VALUES('한국','과자','감자톡 매콤달콤',1500, 2, '마켓오꺼!! 짱맛');
INSERT INTO request(request_country, request_food_type, request_food,request_price,request_member_no, request_content)
VALUES('일본','과자','포키 극세',1800,3, '얇은 버전이에요');
INSERT INTO request(request_country, request_food_type, request_food,request_price,request_member_no, request_content)
VALUES('미국','과자','치토스 flamin hot',2500, 1, '요즘 핫한 미국 과자. 추가해주세요');
INSERT INTO request(request_country, request_food_type, request_food,request_price,request_member_no, request_content)
VALUES('한국','과자','빠다코코낫 볼',2500, 2, '추가 부탁드립니다.');
INSERT INTO request(request_country, request_food_type, request_food,request_price,request_member_no, request_content)
VALUES('한국','과자','타로칩',2700,3, '토란으로 만든 칩인데 맛있어요');
INSERT INTO request(request_country, request_food_type, request_food,request_price,request_member_no, request_content)
VALUES('일본','과자','초코비',1500,1, '편의점에서 샀어요');
INSERT INTO request(request_country, request_food_type, request_food,request_price,request_member_no, request_content)
VALUES('일본','젤리','야와모찌컵',3500,2, 'gs25에서 구매');
INSERT INTO request(request_country, request_food_type, request_food,request_price,request_member_no, request_content)
VALUES('일본','음료','라무네',2500,3, '한국에도 있네요');
INSERT INTO request(request_country, request_food_type, request_food,request_price,request_member_no, request_content)
VALUES('미국','젤리','트위즐러',1500,1, '맛있어요');
INSERT INTO request(request_country, request_food_type, request_food,request_price,request_member_no, request_content)
VALUES('미국','음료','코카콜라 젤로 라임맛',1800,2, '맛은 별로네요');
INSERT INTO request(request_country, request_food_type, request_food,request_price,request_member_no, request_content)
VALUES('대만','과자','펑리수',5500,3, '선물용으로 좋습니다.');
INSERT INTO request(request_country, request_food_type, request_food,request_price,request_member_no, request_content)
VALUES('한국','과자','빠다코코낫 볼',2500, 2, '추가 부탁드립니다.');
INSERT INTO request(request_country, request_food_type, request_food,request_price,request_member_no, request_content)
VALUES('한국','과자','타로칩',2700,3, '토란으로 만든 칩인데 맛있어요');
INSERT INTO request(request_country, request_food_type, request_food,request_price,request_member_no, request_content)
VALUES('일본','과자','초코비',1500,1, '편의점에서 샀어요');
INSERT INTO request(request_country, request_food_type, request_food,request_price,request_member_no, request_content)
VALUES('일본','젤리','야와모찌컵',3500,2, 'gs25에서 구매');
INSERT INTO request(request_country, request_food_type, request_food,request_price,request_member_no, request_content)
VALUES('일본','음료','라무네',2500,3, '한국에도 있네요');
INSERT INTO request(request_country, request_food_type, request_food,request_price,request_member_no, request_content)
VALUES('한국','빵','밤맛 쁘띠몽쉘',4200, 1, '노티드 콜라보 제품인데 추가해주세요');
INSERT INTO request(request_country, request_food_type, request_food,request_price,request_member_no, request_content)
VALUES('한국','과자','감자톡 매콤달콤',1500, 2, '마켓오꺼!! 짱맛');
INSERT INTO request(request_country, request_food_type, request_food,request_price,request_member_no, request_content)
VALUES('일본','과자','포키 극세',1800,3, '얇은 버전이에요');
INSERT INTO request(request_country, request_food_type, request_food,request_price,request_member_no, request_content)
VALUES('미국','과자','치토스 flamin hot',2500, 1, '요즘 핫한 미국 과자. 추가해주세요');



INSERT INTO request_pic(request_no, request_url)
VALUES(1, '9d41b9f5-3be4-4cfa-8620-7d2ea5e983bd_쁘띠몽쉘.jpg');
INSERT INTO request_pic(request_no, request_url)
VALUES(2,'d6c68e7f-9028-4be1-bc90-eeba28fe94cb_감자톡매콤.jpg');
INSERT INTO request_pic(request_no, request_url)
VALUES(3,'1a5b5462-5535-475e-9bed-38dc6c3ea9ed_pocky.png');
INSERT INTO request_pic(request_no, request_url)
VALUES(4,'17422ca5-410c-4815-b7a6-9be7e4980dba_flaminhot');
INSERT INTO request_pic(request_no, request_url)
VALUES(5, '9d41b9f5-3be4-4cfa-8620-7d2ea5e983bd_쁘띠몽쉘.jpg');
INSERT INTO request_pic(request_no, request_url)
VALUES(6,'9d41b9f5-3be4-4cfa-8620-7d2ea5e983bd_쁘띠몽쉘.jpg');
INSERT INTO request_pic(request_no, request_url)
VALUES(7,'9d41b9f5-3be4-4cfa-8620-7d2ea5e983bd_쁘띠몽쉘.jpg');
INSERT INTO request_pic(request_no, request_url)
VALUES(8,'9d41b9f5-3be4-4cfa-8620-7d2ea5e983bd_쁘띠몽쉘.jpg');
INSERT INTO request_pic(request_no, request_url)
VALUES(9, '9d41b9f5-3be4-4cfa-8620-7d2ea5e983bd_쁘띠몽쉘.jpg');
INSERT INTO request_pic(request_no, request_url)
VALUES(10,'9d41b9f5-3be4-4cfa-8620-7d2ea5e983bd_쁘띠몽쉘.jpg');
INSERT INTO request_pic(request_no, request_url)
VALUES(11,'9d41b9f5-3be4-4cfa-8620-7d2ea5e983bd_쁘띠몽쉘.jpg');
INSERT INTO request_pic(request_no, request_url)
VALUES(12,'9d41b9f5-3be4-4cfa-8620-7d2ea5e983bd_쁘띠몽쉘.jpg');
INSERT INTO request_pic(request_no, request_url)
VALUES(13, '9d41b9f5-3be4-4cfa-8620-7d2ea5e983bd_쁘띠몽쉘.jpg');
INSERT INTO request_pic(request_no, request_url)
VALUES(14,'9d41b9f5-3be4-4cfa-8620-7d2ea5e983bd_쁘띠몽쉘.jpg');
INSERT INTO request_pic(request_no, request_url)
VALUES(15,'9d41b9f5-3be4-4cfa-8620-7d2ea5e983bd_쁘띠몽쉘.jpg');
INSERT INTO request_pic(request_no, request_url)
VALUES(16,'9d41b9f5-3be4-4cfa-8620-7d2ea5e983bd_쁘띠몽쉘.jpg');
INSERT INTO request_pic(request_no, request_url)
VALUES(17, '9d41b9f5-3be4-4cfa-8620-7d2ea5e983bd_쁘띠몽쉘.jpg');
INSERT INTO request_pic(request_no, request_url)
VALUES(18, '9d41b9f5-3be4-4cfa-8620-7d2ea5e983bd_쁘띠몽쉘.jpg');
INSERT INTO request_pic(request_no, request_url)
VALUES(19,'d6c68e7f-9028-4be1-bc90-eeba28fe94cb_감자톡매콤.jpg');
INSERT INTO request_pic(request_no, request_url)
VALUES(20,'1a5b5462-5535-475e-9bed-38dc6c3ea9ed_pocky.png');
INSERT INTO request_pic(request_no, request_url)
VALUES(21,'17422ca5-410c-4815-b7a6-9be7e4980dba_flaminhot.jpeg');
--손정인


/* 2023-07-29 bbbbooo */
INSERT INTO review(review_no, country, review_content,food_name,review_date,review_rate,member_no,food_no,review_keyword,review_price,review_link,like_cnt)
VALUES(1,'한국', '보통 초코와 커피의 맛의 조화는 한가지 맛이 지배적이고 나머지 한 맛이 향 추임새를 넣어주어야하는데, 이 초콜릿은 두 맛이 모두 난잡하게 싸우는 느낌. 거기에 카푸치노의 향이 너무 인공적이다.','김말이','2023-06-01',4.0,1,1,'가성비갑',1000.0,'link', 10);
INSERT INTO review(review_no, country, review_content,food_name,review_date,review_rate,member_no,food_no,review_keyword,review_price,review_link, like_cnt)
VALUES(2, '한국', '노맛.','쌍쌍바','2023-06-10',1.0,2,1,'개별포장',2000.0,'link', 10);
INSERT INTO review(review_no, country, review_content,food_name,review_date,review_rate,member_no,food_no,review_keyword,review_price,review_link, like_cnt)
VALUES(3,'한국','맛이 너무 인공적이야','프레첼','2023-06-20',8.5,2,2,'선물추천',1000.0,'link', 10);
INSERT INTO review(review_no, country, review_content,food_name,review_date,review_rate,member_no,food_no,review_keyword,review_price,review_link,like_cnt)
VALUES(4,'한국','존맛탱','김말이','2023-06-01',4.0,1,1,'가성비갑',1000.0,'link', 10);
INSERT INTO review(review_no, country, review_content,food_name,review_date,review_rate,member_no,food_no,review_keyword,review_price,review_link, like_cnt)
VALUES(5,'한국','기분좋은 진함에 바나나킥향이 적당히 첨가되어있다. 바나나킥 먹고 나면 봉지에 남은 가루를 타먹는 맛. 조화가 전혀 어색하지 않다.','쌍쌍바', '2023-06-10',3.0,2,1,'개별포장',2000.0,'link', 10);
INSERT INTO review(review_no, country, review_content,food_name,review_date,review_rate,member_no,food_no,review_keyword,review_price,review_link, like_cnt)
VALUES(6,'한국','기분좋은 진함에 바나나킥향이 적당히 첨가되어있다. 바나나킥 먹고 나면 봉지에 남은 가루를 타먹는 맛. 조화가 전혀 어색하지 않다.','프레첼', '2023-06-20',2.5,2,2,'선물추천',1000.0,'link', 10);
INSERT INTO review(review_no, country, review_content,food_name,review_date,review_rate,member_no,food_no,review_keyword,review_price,review_link,like_cnt)
VALUES(7,'한국','리뷰 예시01','김말이','2023-06-01',8.0,1,1,'가성비갑',1000.0,'link', 18);
INSERT INTO review(review_no, country, review_content,food_name,review_date,review_rate,member_no,food_no,review_keyword,review_price,review_link, like_cnt)
VALUES(8,'한국','노맛','오레오','2023-06-10',7.0,2,1,'개별포장',2000.0,'link', 19);
INSERT INTO review(review_no, country, review_content,food_name,review_date,review_rate,member_no,food_no,review_keyword,review_price,review_link, like_cnt)
VALUES(9,'한국','진짜 맛있어요','오레오','2023-06-20',2.0,2,2,'선물추천',1000.0,'link', 16);
INSERT INTO review(review_no, country, review_content,food_name,review_date,review_rate,member_no,food_no,review_keyword,review_price,review_link,like_cnt)
VALUES(10,'한국','목에 칼이 들어와도 다시는 안먹음','오레오','2023-06-01',1.5,1,1,'가성비갑',1000.0,'link', 1);
INSERT INTO review(review_no, country, review_content,food_name,review_date,review_rate,member_no,food_no,review_keyword,review_price,review_link, like_cnt)
VALUES(11,'한국','흠.. 그정둔가? 근데 먹을만함','오레오','2023-06-10',9.0,2,1,'개별포장',2000.0,'link',26);
INSERT INTO review(review_no, country, review_content,food_name,review_date,review_rate,member_no,food_no,review_keyword,review_price,review_link, like_cnt)
VALUES(12,'한국','미국에서 상당히 인기있는 리세스 초콜릿을 M&M 스타일로 줄인 버젼. 오리지널 리세스는 꽤 큰편인데, 저 작은 한알에도 그 맛이 전부 표현된다는게 신기하다. 내가 원래 리세스를 그리 좋아하지는 않았지만, 저렇게 작게작게 먹으니 뭔가 더 맛있었다.','오레오','2023-06-20',6.5,2,2,'선물추천',1000.0,'link',3);
INSERT INTO review(review_no, country, review_content,food_name,review_date,review_rate,member_no,food_no,review_keyword,review_price,review_link, like_cnt)
VALUES(13,'한국','그럭저럭 먹을만 했어요','오레오','2023-06-20',5.5,2,2,'선물추천',1000.0,'link', 11);
INSERT INTO review(review_no, country, review_content,food_name,review_date,review_rate,member_no,food_no,review_keyword,review_price,review_link, like_cnt)
VALUES(14,'한국','맛있긴한데 두번은 안먹을듯','오레오','2023-06-20',3.5,2,2,'선물추천',1000.0,'link', 15);
INSERT INTO review(review_no, country, review_content,food_name,review_date,review_rate,member_no,food_no,review_keyword,review_price,review_link, like_cnt)
VALUES(15,'한국','솔직히 별로임','오레오','2023-06-20',2.0,2,2,'선물추천',1000.0,'link', 21);
INSERT INTO review(review_no, country, review_content,food_name,review_date,review_rate,member_no,food_no,review_keyword,review_price,review_link, like_cnt)
VALUES(16,'한국','이건 신이 만든건가?','칙촉','2023-06-20',9.5,2,4,'선물추천',1000.0,'link', 35);

INSERT INTO review(review_no, country, review_content,food_name,review_date,review_rate,member_no,food_no,review_keyword,review_price,review_link, like_cnt)
VALUES(17,'한국','이건 신이 만든건가?','몽쉘','2023-06-20',9.5,2,20,'선물추천',1000.0,'link', 35);
INSERT INTO review(review_no, country, review_content,food_name,review_date,review_rate,member_no,food_no,review_keyword,review_price,review_link, like_cnt)
VALUES(18,'한국','맛없어요...','통크','2023-06-20',2.5,2,21,'선물추천',1000.0,'link', 35);
INSERT INTO review(review_no, country, review_content,food_name,review_date,review_rate,member_no,food_no,review_keyword,review_price,review_link, like_cnt)
VALUES(19,'한국','솔직히 존맛탱...','빼빼로 오리지널','2023-06-20',9.5,2,22,'선물추천',1000.0,'link', 35);
INSERT INTO review(review_no, country, review_content,food_name,review_date,review_rate,member_no,food_no,review_keyword,review_price,review_link, like_cnt)
VALUES(20,'한국','맛없어요...','새우깡','2023-06-20',2.5,2,23,'선물추천',1000.0,'link', 35);
INSERT INTO review(review_no, country, review_content,food_name,review_date,review_rate,member_no,food_no,review_keyword,review_price,review_link, like_cnt)
VALUES(21,'한국','맛없어요...','콘칩','2023-06-20',2.5,2,24,'선물추천',1000.0,'link', 35);
INSERT INTO review(review_no, country, review_content,food_name,review_date,review_rate,member_no,food_no,review_keyword,review_price,review_link, like_cnt)
VALUES(22,'한국','맛없어요...','오감자 오리지널','2023-06-20',2.5,2,25,'선물추천',1000.0,'link', 35);
INSERT INTO review(review_no, country, review_content,food_name,review_date,review_rate,member_no,food_no,review_keyword,review_price,review_link, like_cnt)
VALUES(23,'한국','맛없어요...','스윙칩','2023-06-20',2.5,2,26,'선물추천',1000.0,'link', 35);
INSERT INTO review(review_no, country, review_content,food_name,review_date,review_rate,member_no,food_no,review_keyword,review_price,review_link, like_cnt)
VALUES(24,'한국','맛없어요...','보름달','2023-06-20',2.5,2,27,'선물추천',1000.0,'link', 35);
INSERT INTO review(review_no, country, review_content,food_name,review_date,review_rate,member_no,food_no,review_keyword,review_price,review_link, like_cnt)
VALUES(25,'한국','맛없어요...','바나나킥','2023-06-20',2.5,2,28,'선물추천',1000.0,'link', 35);
INSERT INTO review(review_no, country, review_content,food_name,review_date,review_rate,member_no,food_no,review_keyword,review_price,review_link, like_cnt)
VALUES(26,'한국','맛없어요...','바나나맛 우유','2023-06-20',2.5,2,29,'선물추천',1000.0,'link', 35);
INSERT INTO review(review_no, country, review_content,food_name,review_date,review_rate,member_no,food_no,review_keyword,review_price,review_link, like_cnt)
VALUES(27,'한국','맛없어요...','딸기맛 우유','2023-06-20',2.5,2,30,'선물추천',1000.0,'link', 35);
INSERT INTO review(review_no, country, review_content,food_name,review_date,review_rate,member_no,food_no,review_keyword,review_price,review_link, like_cnt)
VALUES(28,'한국','맛없어요...','사또밥','2023-06-20',2.5,2,31,'선물추천',1000.0,'link', 35);
INSERT INTO review(review_no, country, review_content,food_name,review_date,review_rate,member_no,food_no,review_keyword,review_price,review_link, like_cnt)
VALUES(29,'한국','맛없어요...','초코하임','2023-06-20',2.5,2,32,'선물추천',1000.0,'link', 35);
INSERT INTO review(review_no, country, review_content,food_name,review_date,review_rate,member_no,food_no,review_keyword,review_price,review_link, like_cnt)
VALUES(30,'한국','맛없어요...','화이트하임','2023-06-20',2.5,2,33,'선물추천',1000.0,'link', 35);

/* 2023-07-29 bbbbooo */




--손정인
INSERT INTO stat(update_date,food_no, food_name, review_cnt,food_rate,like_cnt,member_age_group, member_gender, country, food_pic_url)
VALUES('2023-07-29',5,'몽쉘',200,4.5,100,20,'M','한국','/assets/img/moncher.jpg');
INSERT INTO stat(update_date,food_no,food_name, review_cnt,food_rate,like_cnt,member_age_group, member_gender, country,food_pic_url)
VALUES('2023-07-29',6,'통크',255,3.8,200,10,'F','한국','/assets/img/tonk.jpg');
INSERT INTO stat(update_date,food_no,food_name, review_cnt,food_rate,like_cnt,member_age_group, member_gender, country,food_pic_url)
VALUES('2023-07-29',7,'빼빼로 오리지널',150,5.0,120,30,'F','한국','/assets/img/pepero_original.png');
INSERT INTO stat(update_date,food_no, food_name, review_cnt,food_rate,like_cnt,member_age_group, member_gender, country,food_pic_url)
VALUES('2023-07-29',8,'새우깡',188,3.02,100,20,'M','한국','/assets/img/saewookkang.jpg');
INSERT INTO stat(update_date,food_no,food_name, review_cnt,food_rate,like_cnt,member_age_group, member_gender, country,food_pic_url)
VALUES('2023-07-29',9,'콘칩',6,3.94,200,10,'F','한국','/assets/img/cornchip.jpg');
INSERT INTO stat(update_date,food_no,food_name, review_cnt,food_rate,like_cnt,member_age_group, member_gender, country,food_pic_url)
VALUES('2023-07-29',10,'오감자 오리지널',499,5.0,120,30,'F','한국','/assets/img/ohgamja.jpg');
INSERT INTO stat(update_date,food_no, food_name, review_cnt,food_rate,like_cnt,member_age_group, member_gender, country,food_pic_url)
VALUES('2023-07-29',11,'스윙칩',123,4.5,100,20,'M','한국','/assets/img/swingchip.jpg');
INSERT INTO stat(update_date,food_no,food_name, review_cnt,food_rate,like_cnt,member_age_group, member_gender, country,food_pic_url)
VALUES('2023-07-29',12,'보름달',321,1.0,200,10,'F','한국','/assets/img/fullmoon.jpg');
INSERT INTO stat(update_date,food_no,food_name, review_cnt,food_rate,like_cnt,member_age_group, member_gender, country,food_pic_url)
VALUES('2023-07-29',13,'바나나킥',22,4.9,120,30,'F','한국','/assets/img/bananakick.jpg');
INSERT INTO stat(update_date,food_no, food_name, review_cnt,food_rate,like_cnt,member_age_group, member_gender, country,food_pic_url)
VALUES('2023-07-29',14,'바나나맛 우유',33,2.8,100,20,'M','한국','/assets/img/bananamilk.jpg');
INSERT INTO stat(update_date,food_no,food_name, review_cnt,food_rate,like_cnt,member_age_group, member_gender, country,food_pic_url)
VALUES('2023-07-29',15,'딸기맛 우유',166,1.88,200,10,'F','한국','/assets/img/strawberrymilk.jpg');
INSERT INTO stat(update_date,food_no,food_name, review_cnt,food_rate,like_cnt,member_age_group, member_gender, country,food_pic_url)
VALUES('2023-07-29',16,'사또밥',166,2.83,200,10,'F','한국','/assets/img/사또밥.jpg');
INSERT INTO stat(update_date,food_no,food_name, review_cnt,food_rate,like_cnt,member_age_group, member_gender, country,food_pic_url)
VALUES('2023-07-29',17,'초코하임',166,1.88,200,10,'M','한국','/assets/img/초코하임.jpg');
INSERT INTO stat(update_date,food_no,food_name, review_cnt,food_rate,like_cnt,member_age_group, member_gender, country,food_pic_url)
VALUES('2023-07-29',18,'화이트하임',166,4.89,200,10,'M','한국','/assets/img/화이트하임.jpg');

INSERT INTO stat(update_date,food_no, food_name, review_cnt,food_rate,like_cnt,member_age_group, member_gender, country,food_pic_url)
VALUES('2023-06-29',5,'몽쉘',30,4.5,100,20,'M','한국');
INSERT INTO stat(update_date,food_no, food_name, review_cnt,food_rate,like_cnt,member_age_group, member_gender, country,food_pic_url)
VALUES('2023-05-29',5,'몽쉘',120,4.12,290,20,'M','한국');
INSERT INTO stat(update_date,food_no, food_name, review_cnt,food_rate,like_cnt,member_age_group, member_gender, country,food_pic_url)
VALUES('2023-04-29',5,'몽쉘',10,2.9,80,20,'M','한국');
INSERT INTO stat(update_date,food_no, food_name, review_cnt,food_rate,like_cnt,member_age_group, member_gender, country,food_pic_url)
VALUES('2023-03-29',5,'몽쉘',160,3.8,284,20,'M','한국');
INSERT INTO stat(update_date,food_no, food_name, review_cnt,food_rate,like_cnt,member_age_group, member_gender, country,food_pic_url)
VALUES('2023-02-20',5,'몽쉘',23,4.0,128,20,'M','한국');

INSERT INTO stat(update_date,food_no,food_name, review_cnt,food_rate,like_cnt,member_age_group, member_gender, country, food_image_url)
VALUES('2023-07-29',19,'치토스 퍼프',200,4.5,100,20,'M','미국','/assets/img/치토스퍼프.jpg');
INSERT INTO stat(update_date,food_no,food_name, review_cnt,food_rate,like_cnt,member_age_group, member_gender, country, food_image_url)
VALUES('2023-07-29',20,'사워 밤즈',255,3.8,200,10,'F','미국','/assets/img/사워밤즈.jpg');
INSERT INTO stat(update_date,food_no,food_name, review_cnt,food_rate,like_cnt,member_age_group, member_gender, country, food_image_url)
VALUES('2023-07-29',21,'라이스크리스피',150,5.0,120,30,'F','미국','/assets/img/라이스크리스피.jpg');
INSERT INTO stat(update_date,food_no, food_name, review_cnt,food_rate,like_cnt,member_age_group, member_gender, country, food_image_url)
VALUES('2023-07-29',22,'팝타르트 딸기',188,3.02,100,20,'M','미국''/assets/img/팝타르트딸기.jpg');
INSERT INTO stat(update_date,food_no,food_name, review_cnt,food_rate,like_cnt,member_age_group, member_gender, country, food_image_url)
VALUES('2023-07-29',23,'팝타르트 블루베리',6,3.94,200,10,'F','미국','/assets/img/팝타르트블루베리.jpg');
INSERT INTO stat(update_date,food_no,food_name, review_cnt,food_rate,like_cnt,member_age_group, member_gender, country, food_image_url)
VALUES('2023-07-29',24,'피넛버터 프레츨',499,1.8,120,30,'F','미국','/assets/img/피넛버터프레츨.jpg');
INSERT INTO stat(update_date,food_no, food_name, review_cnt,food_rate,like_cnt,member_age_group, member_gender, country, food_image_url)
VALUES('2023-07-29',25,'시나몬 토스트 크런치',123,4.5,100,20,'M','미국','/assets/img/시나몬토스트크런치.jpg');
INSERT INTO stat(update_date,food_no,food_name, review_cnt,food_rate,like_cnt,member_age_group, member_gender, country, food_image_url)
VALUES('2023-07-29',26,'프룻 롤업',321,1.0,200,10,'F','미국','/assets/img/프룻롤업.jpg');
INSERT INTO stat(update_date,food_no,food_name, review_cnt,food_rate,like_cnt,member_age_group, member_gender, country, food_image_url)
VALUES('2023-07-29',27,'자이언트 수이',22,4.9,120,30,'F','미국','/assets/img/자이언트츄이.jpg');
INSERT INTO stat(update_date,food_no, food_name, review_cnt,food_rate,like_cnt,member_age_group, member_gender, country, food_image_url)
VALUES('2023-07-29',28,'투니스',33,2.8,100,20,'M','미국','/assets/img/투니스.jpg');
INSERT INTO stat(update_date,food_no,food_name, review_cnt,food_rate,like_cnt,member_age_group, member_gender, country, food_image_url)
VALUES('2023-07-29',29,'체스터스',166,1.88,200,10,'F','미국','/assets/img/체스터스.jpg');



INSERT INTO app_review(app_review_content, app_review_rate, member_nickname, member_no)
VALUES ('과자 종류가 많이 없어서 아쉬워요.',2.0,'초코맛있다',1);
INSERT INTO app_review(app_review_content, app_review_rate, member_nickname, member_no)
VALUES ('신기한 웹사이트네요!',5.0,'냠냠이',10);
INSERT INTO app_review(app_review_content, app_review_rate, member_nickname, member_no)
VALUES ('제가 좋아하는 과자는 없네요.',1.5,'치킨',11);
INSERT INTO app_review(app_review_content, app_review_rate, member_nickname, member_no)
VALUES ('물건을 살 때 유용한 정보가 많아서 도움이 됩니다.',5.0,'ㅁㅁ',21);
INSERT INTO app_review(app_review_content, app_review_rate, member_nickname, member_no)
VALUES ('디자인이 예쁘고 사용하기 편리해요..',4.0,'딸기맛있다',32);
INSERT INTO app_review(app_review_content, app_review_rate, member_nickname, member_no)
VALUES ('오류가 자주 발생해서 아쉽습니다.',1.0,'다이어트',22);
INSERT INTO app_review(app_review_content, app_review_rate, member_nickname, member_no)
VALUES ('여러 기능을 무료로 제공해서 좋아요..',3.5,'다맛있다',40);
INSERT INTO app_review(app_review_content, app_review_rate, member_nickname, member_no)
VALUES ('인터페이스가 직관적이고 쉽게 사용할 수 있어서 좋아요.',3.0,'닉닉',11);
INSERT INTO app_review(app_review_content, app_review_rate, member_nickname, member_no)
VALUES ('빠른 반응 속도가 매우 만족스러워요.',4.0,'초초',33);
INSERT INTO app_review(app_review_content, app_review_rate, member_nickname, member_no)
VALUES ('소셜 로그인 지원해주세요!! 불편해요',2.0,'얍얍',44);
INSERT INTO app_review(app_review_content, app_review_rate, member_nickname, member_no)
VALUES ('다른 언어도 지원이 되면 좋을 것 같네요.',4.0,'영어조아',23);
INSERT INTO app_review(app_review_content, app_review_rate, member_nickname, member_no)
VALUES ('광고 없이 깔끔하게 사용할 수 있어서 좋아요.',5.0,'우와',43);
INSERT INTO app_review(app_review_content, app_review_rate, member_nickname, member_no)
VALUES ('과자 종류가 많이 없어서 아쉬워요ㅠㅠ',2.0,'맛있다',27);

--손정인
INSERT INTO review(country, review_content,food_name,review_date,review_rate,member_no,food_no,review_keyword,review_price,review_link,like_cnt)
VALUES('ko','몽쉘 오감자 맛있따!!!','오감자 오리지널','2023-06-20',5.0,1,5,'선물추천',1000.0,'www.naver.com', 4);
INSERT INTO review(country, review_content,food_name,review_date,review_rate,member_no,food_no,review_keyword,review_price,review_link,like_cnt)
VALUES('ko','몽쉘 굿~~','오감자 오리지널','2023-06-20',5.0,1,5,'선물추천',1000.0,'www.naver.comk', 5);
INSERT INTO review(country, review_content,food_name,review_date,review_rate,member_no,food_no,review_keyword,review_price,review_link,like_cnt)
VALUES('ko','몽쉘 굿~~','오감자 오리지널','2023-06-20',5.0,2,5,'선물추천',1000.0,'www.naver.comk', 4);
--손정인

