INSERT INTO blacklist(blacklist_no,blacklist_reg_date,blacklist_rel_date,member_no)
VALUES(1,'2023-05-15','2023-06-30',1);
INSERT INTO blacklist(blacklist_no,blacklist_reg_date,blacklist_rel_date,member_no)
VALUES(2,'2023-07-25','2023-08-20',6);
INSERT INTO blacklist(blacklist_no,blacklist_reg_date,blacklist_rel_date,member_no)
VALUES(4,'2023-05-15', null, 3);


INSERT INTO category(category_no,country,food_type)
VALUES(1,'한국','과자');
INSERT INTO category(category_no,country,food_type)
VALUES(2,'한국','빵');
INSERT INTO category(category_no,country,food_type)
VALUES(3,'한국','사탕');
INSERT INTO category(category_no,country,food_type)
VALUES(4,'한국','음료');
INSERT INTO category(category_no,country,food_type)
VALUES(5,'한국','젤리');
INSERT INTO category(category_no,country,food_type)
VALUES(6,'한국','초콜릿');
INSERT INTO category(category_no,country,food_type)
VALUES(7,'한국','커피');
INSERT INTO category(category_no,country,food_type)
VALUES(8,'한국','차');
INSERT INTO category(category_no,country,food_type)
VALUES(9,'대만','과자');
INSERT INTO category(category_no,country,food_type)
VALUES(10,'대만','빵');
INSERT INTO category(category_no,country,food_type)
VALUES(11,'대만','사탕');
INSERT INTO category(category_no,country,food_type)
VALUES(12,'대만','음료');
INSERT INTO category(category_no,country,food_type)
VALUES(13,'대만','젤리');
INSERT INTO category(category_no,country,food_type)
VALUES(14,'대만','초콜릿');
INSERT INTO category(category_no,country,food_type)
VALUES(15,'대만','커피');
INSERT INTO category(category_no,country,food_type)
VALUES(16,'대만','차');
INSERT INTO category(category_no,country,food_type)
VALUES(17,'독일','과자');
INSERT INTO category(category_no,country,food_type)
VALUES(18,'독일','빵');
INSERT INTO category(category_no,country,food_type)
VALUES(19,'독일','사탕');
INSERT INTO category(category_no,country,food_type)
VALUES(20,'독일','음료');
INSERT INTO category(category_no,country,food_type)
VALUES(21,'독일','젤리');
INSERT INTO category(category_no,country,food_type)
VALUES(22,'독일','초콜릿');
INSERT INTO category(category_no,country,food_type)
VALUES(23,'독일','커피');
INSERT INTO category(category_no,country,food_type)
VALUES(24,'독일','차');
INSERT INTO category(category_no,country,food_type)
VALUES(25,'말레이시아','과자');
INSERT INTO category(category_no,country,food_type)
VALUES(26,'말레이시아','빵');
INSERT INTO category(category_no,country,food_type)
VALUES(27,'말레이시아','사탕');
INSERT INTO category(category_no,country,food_type)
VALUES(28,'말레이시아','음료');
INSERT INTO category(category_no,country,food_type)
VALUES(29,'말레이시아','젤리');
INSERT INTO category(category_no,country,food_type)
VALUES(30,'말레이시아','초콜릿');
INSERT INTO category(category_no,country,food_type)
VALUES(31,'말레이시아','커피');
INSERT INTO category(category_no,country,food_type)
VALUES(32,'말레이시아','차');
INSERT INTO category(category_no,country,food_type)
VALUES(33,'미국','과자');
INSERT INTO category(category_no,country,food_type)
VALUES(34,'미국','빵');
INSERT INTO category(category_no,country,food_type)
VALUES(35,'미국','사탕');
INSERT INTO category(category_no,country,food_type)
VALUES(36,'미국','음료');
INSERT INTO category(category_no,country,food_type)
VALUES(37,'미국','젤리');
INSERT INTO category(category_no,country,food_type)
VALUES(38,'미국','초콜릿');
INSERT INTO category(category_no,country,food_type)
VALUES(39,'미국','커피');
INSERT INTO category(category_no,country,food_type)
VALUES(40,'미국','차');
INSERT INTO category(category_no,country,food_type)
VALUES(41,'베트남','과자');
INSERT INTO category(category_no,country,food_type)
VALUES(42,'베트남','빵');
INSERT INTO category(category_no,country,food_type)
VALUES(43,'베트남','사탕');
INSERT INTO category(category_no,country,food_type)
VALUES(44,'베트남','음료');
INSERT INTO category(category_no,country,food_type)
VALUES(45,'베트남','젤리');
INSERT INTO category(category_no,country,food_type)
VALUES(46,'베트남','초콜릿');
INSERT INTO category(category_no,country,food_type)
VALUES(47,'베트남','커피');
INSERT INTO category(category_no,country,food_type)
VALUES(48,'베트남','차');
INSERT INTO category(category_no,country,food_type)
VALUES(49,'벨기에','과자');
INSERT INTO category(category_no,country,food_type)
VALUES(50,'벨기에','빵');
INSERT INTO category(category_no,country,food_type)
VALUES(51,'벨기에','사탕');
INSERT INTO category(category_no,country,food_type)
VALUES(52,'벨기에','음료');
INSERT INTO category(category_no,country,food_type)
VALUES(53,'벨기에','젤리');
INSERT INTO category(category_no,country,food_type)
VALUES(54,'벨기에','초콜릿');
INSERT INTO category(category_no,country,food_type)
VALUES(55,'벨기에','커피');
INSERT INTO category(category_no,country,food_type)
VALUES(56,'벨기에','차');
INSERT INTO category(category_no,country,food_type)
VALUES(57,'스웨덴','과자');
INSERT INTO category(category_no,country,food_type)
VALUES(58,'스웨덴','빵');
INSERT INTO category(category_no,country,food_type)
VALUES(59,'스웨덴','사탕');
INSERT INTO category(category_no,country,food_type)
VALUES(60,'스웨덴','음료');
INSERT INTO category(category_no,country,food_type)
VALUES(61,'스웨덴','젤리');
INSERT INTO category(category_no,country,food_type)
VALUES(62,'스웨덴','초콜릿');
INSERT INTO category(category_no,country,food_type)
VALUES(63,'스웨덴','커피');
INSERT INTO category(category_no,country,food_type)
VALUES(64,'스웨덴','차');
INSERT INTO category(category_no,country,food_type)
VALUES(65,'스위스','과자');
INSERT INTO category(category_no,country,food_type)
VALUES(66,'스위스','빵');
INSERT INTO category(category_no,country,food_type)
VALUES(67,'스위스','사탕');
INSERT INTO category(category_no,country,food_type)
VALUES(68,'스위스','음료');
INSERT INTO category(category_no,country,food_type)
VALUES(69,'스위스','젤리');
INSERT INTO category(category_no,country,food_type)
VALUES(70,'스위스','초콜릿');
INSERT INTO category(category_no,country,food_type)
VALUES(71,'스위스','커피');
INSERT INTO category(category_no,country,food_type)
VALUES(72,'스위스','차');
INSERT INTO category(category_no,country,food_type)
VALUES(73,'영국','과자');
INSERT INTO category(category_no,country,food_type)
VALUES(74,'영국','빵');
INSERT INTO category(category_no,country,food_type)
VALUES(75,'영국','사탕');
INSERT INTO category(category_no,country,food_type)
VALUES(76,'영국','음료');
INSERT INTO category(category_no,country,food_type)
VALUES(77,'영국','젤리');
INSERT INTO category(category_no,country,food_type)
VALUES(78,'영국','초콜릿');
INSERT INTO category(category_no,country,food_type)
VALUES(79,'영국','커피');
INSERT INTO category(category_no,country,food_type)
VALUES(80,'영국','차');
INSERT INTO category(category_no,country,food_type)
VALUES(81,'이탈리아','과자');
INSERT INTO category(category_no,country,food_type)
VALUES(82,'이탈리아','빵');
INSERT INTO category(category_no,country,food_type)
VALUES(83,'이탈리아','사탕');
INSERT INTO category(category_no,country,food_type)
VALUES(84,'이탈리아','음료');
INSERT INTO category(category_no,country,food_type)
VALUES(85,'이탈리아','젤리');
INSERT INTO category(category_no,country,food_type)
VALUES(86,'이탈리아','초콜릿');
INSERT INTO category(category_no,country,food_type)
VALUES(87,'이탈리아','커피');
INSERT INTO category(category_no,country,food_type)
VALUES(88,'이탈리아','차');
INSERT INTO category(category_no,country,food_type)
VALUES(89,'인도','과자');
INSERT INTO category(category_no,country,food_type)
VALUES(90,'인도','빵');
INSERT INTO category(category_no,country,food_type)
VALUES(91,'인도','사탕');
INSERT INTO category(category_no,country,food_type)
VALUES(92,'인도','음료');
INSERT INTO category(category_no,country,food_type)
VALUES(93,'인도','젤리');
INSERT INTO category(category_no,country,food_type)
VALUES(94,'인도','초콜릿');
INSERT INTO category(category_no,country,food_type)
VALUES(95,'인도','커피');
INSERT INTO category(category_no,country,food_type)
VALUES(96,'인도','차');
INSERT INTO category(category_no,country,food_type)
VALUES(97,'일본','과자');
INSERT INTO category(category_no,country,food_type)
VALUES(98,'일본','빵');
INSERT INTO category(category_no,country,food_type)
VALUES(99,'일본','사탕');
INSERT INTO category(category_no,country,food_type)
VALUES(100,'일본','음료');
INSERT INTO category(category_no,country,food_type)
VALUES(101,'일본','젤리');
INSERT INTO category(category_no,country,food_type)
VALUES(102,'일본','초콜릿');
INSERT INTO category(category_no,country,food_type)
VALUES(103,'일본','커피');
INSERT INTO category(category_no,country,food_type)
VALUES(104,'일본','차');
INSERT INTO category(category_no,country,food_type)
VALUES(105,'캐나다','과자');
INSERT INTO category(category_no,country,food_type)
VALUES(106,'캐나다','빵');
INSERT INTO category(category_no,country,food_type)
VALUES(107,'캐나다','사탕');
INSERT INTO category(category_no,country,food_type)
VALUES(108,'캐나다','음료');
INSERT INTO category(category_no,country,food_type)
VALUES(109,'캐나다','젤리');
INSERT INTO category(category_no,country,food_type)
VALUES(110,'캐나다','초콜릿');
INSERT INTO category(category_no,country,food_type)
VALUES(111,'캐나다','커피');
INSERT INTO category(category_no,country,food_type)
VALUES(112,'캐나다','차');
INSERT INTO category(category_no,country,food_type)
VALUES(113,'태국','과자');
INSERT INTO category(category_no,country,food_type)
VALUES(114,'태국','빵');
INSERT INTO category(category_no,country,food_type)
VALUES(115,'태국','사탕');
INSERT INTO category(category_no,country,food_type)
VALUES(116,'태국','음료');
INSERT INTO category(category_no,country,food_type)
VALUES(117,'태국','젤리');
INSERT INTO category(category_no,country,food_type)
VALUES(118,'태국','초콜릿');
INSERT INTO category(category_no,country,food_type)
VALUES(119,'태국','커피');
INSERT INTO category(category_no,country,food_type)
VALUES(120,'태국','차');
INSERT INTO category(category_no,country,food_type)
VALUES(121,'튀르키예','과자');
INSERT INTO category(category_no,country,food_type)
VALUES(122,'튀르키예','빵');
INSERT INTO category(category_no,country,food_type)
VALUES(123,'튀르키예','사탕');
INSERT INTO category(category_no,country,food_type)
VALUES(124,'튀르키예','음료');
INSERT INTO category(category_no,country,food_type)
VALUES(125,'튀르키예','젤리');
INSERT INTO category(category_no,country,food_type)
VALUES(126,'튀르키예','초콜릿');
INSERT INTO category(category_no,country,food_type)
VALUES(127,'튀르키예','커피');
INSERT INTO category(category_no,country,food_type)
VALUES(128,'튀르키예','차');
INSERT INTO category(category_no,country,food_type)
VALUES(129,'폴란드','과자');
INSERT INTO category(category_no,country,food_type)
VALUES(130,'폴란드','빵');
INSERT INTO category(category_no,country,food_type)
VALUES(131,'폴란드','사탕');
INSERT INTO category(category_no,country,food_type)
VALUES(132,'폴란드','음료');
INSERT INTO category(category_no,country,food_type)
VALUES(133,'폴란드','젤리');
INSERT INTO category(category_no,country,food_type)
VALUES(134,'폴란드','초콜릿');
INSERT INTO category(category_no,country,food_type)
VALUES(135,'폴란드','커피');
INSERT INTO category(category_no,country,food_type)
VALUES(136,'폴란드','차');
INSERT INTO category(category_no,country,food_type)
VALUES(137,'프랑스','과자');
INSERT INTO category(category_no,country,food_type)
VALUES(138,'프랑스','빵');
INSERT INTO category(category_no,country,food_type)
VALUES(139,'프랑스','사탕');
INSERT INTO category(category_no,country,food_type)
VALUES(140,'프랑스','음료');
INSERT INTO category(category_no,country,food_type)
VALUES(141,'프랑스','젤리');
INSERT INTO category(category_no,country,food_type)
VALUES(142,'프랑스','초콜릿');
INSERT INTO category(category_no,country,food_type)
VALUES(143,'프랑스','커피');
INSERT INTO category(category_no,country,food_type)
VALUES(144,'프랑스','차');
INSERT INTO category(category_no,country,food_type)
VALUES(145,'필리핀','과자');
INSERT INTO category(category_no,country,food_type)
VALUES(146,'필리핀','빵');
INSERT INTO category(category_no,country,food_type)
VALUES(147,'필리핀','사탕');
INSERT INTO category(category_no,country,food_type)
VALUES(148,'필리핀','음료');
INSERT INTO category(category_no,country,food_type)
VALUES(149,'필리핀','젤리');
INSERT INTO category(category_no,country,food_type)
VALUES(150,'필리핀','초콜릿');
INSERT INTO category(category_no,country,food_type)
VALUES(151,'필리핀','커피');
INSERT INTO category(category_no,country,food_type)
VALUES(152,'필리핀','차');
INSERT INTO category(category_no,country,food_type)
VALUES(153,'호주','과자');
INSERT INTO category(category_no,country,food_type)
VALUES(154,'호주','빵');
INSERT INTO category(category_no,country,food_type)
VALUES(155,'호주','사탕');
INSERT INTO category(category_no,country,food_type)
VALUES(156,'호주','음료');
INSERT INTO category(category_no,country,food_type)
VALUES(157,'호주','젤리');
INSERT INTO category(category_no,country,food_type)
VALUES(158,'호주','초콜릿');
INSERT INTO category(category_no,country,food_type)
VALUES(159,'호주','커피');
INSERT INTO category(category_no,country,food_type)
VALUES(160,'호주','차');


INSERT INTO food(food_no,food_name,country,food_type,food_rate,food_price)
VALUES(1,'오레오','한국','과자',4.7,2000);
INSERT INTO food(food_no,food_name,country,food_type,food_rate,food_price)
VALUES(2,'초코롤','미국','차',5.0,3000);
INSERT INTO food(food_no,food_name,country,food_type,food_rate,food_price)
VALUES(3,'초록매실','일본','빵',4.3,1800);
INSERT INTO food(food_no,food_name,country,food_type,food_rate,food_price)
VALUES(4,'칙촉','한국','과자',4.3,1800);
INSERT INTO food(food_no,food_name,country,food_type,food_rate,food_price)
VALUES(5,'오레오','한국','과자',4.7,2000);
INSERT INTO food(food_no,food_name,country,food_type,food_rate,food_price)
VALUES(6,'오레오','한국','과자',4.7,2000);
INSERT INTO food(food_no,food_name,country,food_type,food_rate,food_price)
VALUES(7,'오레오','한국','과자',4.7,2000);
INSERT INTO food(food_no,food_name,country,food_type,food_rate,food_price)
VALUES(8,'오레오','한국','과자',4.7,2000);
INSERT INTO food(food_no,food_name,country,food_type,food_rate,food_price)
VALUES(9,'오레오','한국','과자',4.7,2000);
INSERT INTO food(food_no,food_name,country,food_type,food_rate,food_price)
VALUES(10,'오레오','한국','과자',4.7,2000);
INSERT INTO food(food_no,food_name,country,food_type,food_rate,food_price)
VALUES(11,'오레오','한국','과자',4.7,2000);
INSERT INTO food(food_no,food_name,country,food_type,food_rate,food_price)
VALUES(12,'오레오','한국','과자',4.7,2000);
INSERT INTO food(food_no,food_name,country,food_type,food_rate,food_price)
VALUES(13,'오레오','한국','과자',4.7,2000);
INSERT INTO food(food_no,food_name,country,food_type,food_rate,food_price)
VALUES(14,'오레오','한국','과자',4.7,2000);
INSERT INTO food(food_no,food_name,country,food_type,food_rate,food_price)
VALUES(15,'오레오','한국','과자',4.7,2000);
INSERT INTO food(food_no,food_name,country,food_type,food_rate,food_price)
VALUES(16,'오레오','한국','과자',4.7,2000);



INSERT INTO food_pic(food_no,food_pic_url)
VALUES(1,'/assets/img/Oreo-Two-Cookies.jpg');
INSERT INTO food_pic(food_no,food_pic_url)
VALUES(2,'/assets/img/chocoroll.jpg');
INSERT INTO food_pic(food_no,food_pic_url)
VALUES(3,'/assets/img/chorokmaesil.jpg');
INSERT INTO food_pic(food_no,food_pic_url)
VALUES(4,'/assets/img/chickchok.png');


INSERT INTO member(member_id,member_pwd,member_nickname,member_email,member_grant,member_report_cnt,member_birth,member_country)
-- VALUES('admin','pwd000','관리자','admin@cacaumca.store',20,0,'2001-08-04');
VALUES('admin','$2a$12$jirbZeEp2BWrrlwXxIjb5uAFhF//a.nMocLQlYb58mV4wKNq5GvCC','관리자','admin@cacaumca.store','ROLE_ADMIN',0,'2001-08-04','한국');
INSERT INTO member(member_id,member_pwd,member_nickname,member_email,member_grant,member_report_cnt,member_birth,member_country)
-- VALUES('abc000','pwd000','초코맛있다','dkem@gmail.com',20,0,'2001-08-04');
VALUES('abc000','$2a$12$jirbZeEp2BWrrlwXxIjb5uAFhF//a.nMocLQlYb58mV4wKNq5GvCC','초코맛있다','myrhymetree@gmail.com','ROLE_MEMBER',0,'2001-08-04','한국');
INSERT INTO member(member_id,member_pwd,member_nickname,member_email,member_grant,member_report_cnt,member_birth,member_country)
-- VALUES('abc001','pwd111','오늘은뭐먹지','zmzlsk@gmail.com',30,20,'1990-01-20');
VALUES('abc001','$2a$12$S.uKNb4nk6g4RFUsxDYyZO6UTbdvotNsOJPmvUM/E2O7gMVguv7Cu','오늘은뭐먹지','zmzlsk@gmail.com','ROLE_MEMBER',20,'1990-01-20','한국');
INSERT INTO member(member_id,member_pwd,member_nickname,member_email,member_grant,member_report_cnt,member_birth,member_country)
-- VALUES('abc002','pwd222','돼징','ehowld@gmail.com',10,10,'2008-11-30');
VALUES('abc002','$2a$12$Zvaej4PNgRURKlAMPurdsuq3y/ScO/wU8g0iRyHj8yYlDypmbjwhq','돼징','ehowld@gmail.com','ROLE_MEMBER',0,'2008-11-30','한국');
INSERT INTO member(member_id,member_pwd,member_nickname,member_email,member_grant,member_report_cnt,member_birth,member_country)
-- VALUES('abc003','pwd222','돼징','ehowld@gmail.com',10,10,'2008-11-30');
VALUES('abc003','$2a$12$Zvaej4PNgRURKlAMPurdsuq3y/ScO/wU8g0iRyHj8yYlDypmbjwhq','돼징','ehowld@gmail.com','ROLE_MEMBER',0,'2008-11-30','한국');
INSERT INTO member(member_id,member_pwd,member_nickname,member_email,member_grant,member_report_cnt,member_birth,member_country)
-- VALUES('abc004','pwd222','돼징','ehowld@gmail.com',10,10,'2008-11-30');
VALUES('abc004','$2a$12$Zvaej4PNgRURKlAMPurdsuq3y/ScO/wU8g0iRyHj8yYlDypmbjwhq','돼징','ehowld@gmail.com','ROLE_MEMBER',0,'2008-11-30','한국');
INSERT INTO member(member_id,member_pwd,member_nickname,member_email,member_grant,member_report_cnt,member_birth,member_country)
-- VALUES('abc005','pwd222','돼징','ehowld@gmail.com',10,10,'2008-11-30');
VALUES('abc005','$2a$12$Zvaej4PNgRURKlAMPurdsuq3y/ScO/wU8g0iRyHj8yYlDypmbjwhq','돼징','ehowld@gmail.com','ROLE_MEMBER',0,'2008-11-30','한국');
INSERT INTO member(member_id,member_pwd,member_nickname,member_email,member_grant,member_report_cnt,member_birth,member_country)
-- VALUES('abc006','pwd222','돼징','ehowld@gmail.com',10,10,'2008-11-30');
VALUES('abc006','$2a$12$Zvaej4PNgRURKlAMPurdsuq3y/ScO/wU8g0iRyHj8yYlDypmbjwhq','돼징','ehowld@gmail.com','ROLE_MEMBER',0,'2008-11-30','한국');
INSERT INTO member(member_id,member_pwd,member_nickname,member_email,member_grant,member_report_cnt,member_birth,member_country)
-- VALUES('abc007','pwd222','돼징','ehowld@gmail.com',10,10,'2008-11-30');
VALUES('abc007','$2a$12$Zvaej4PNgRURKlAMPurdsuq3y/ScO/wU8g0iRyHj8yYlDypmbjwhq','돼징','ehowld@gmail.com','ROLE_MEMBER',0,'2008-11-30','한국');
INSERT INTO member(member_id,member_pwd,member_nickname,member_email,member_grant,member_report_cnt,member_birth,member_country)
-- VALUES('abc008','pwd222','돼징','ehowld@gmail.com',10,10,'2008-11-30');
VALUES('abc008','$2a$12$Zvaej4PNgRURKlAMPurdsuq3y/ScO/wU8g0iRyHj8yYlDypmbjwhq','돼징','ehowld@gmail.com','ROLE_MEMBER',0,'2008-11-30','한국');
INSERT INTO member(member_id,member_pwd,member_nickname,member_email,member_grant,member_report_cnt,member_birth,member_country)
-- VALUES('abc009','pwd222','돼징','ehowld@gmail.com',10,10,'2008-11-30');
VALUES('abc009','$2a$12$Zvaej4PNgRURKlAMPurdsuq3y/ScO/wU8g0iRyHj8yYlDypmbjwhq','돼징','ehowld@gmail.com','ROLE_MEMBER',0,'2008-11-30','한국');
INSERT INTO member(member_id,member_pwd,member_nickname,member_email,member_grant,member_report_cnt,member_birth,member_country)
-- VALUES('abc010','pwd222','돼징','ehowld@gmail.com',10,10,'2008-11-30');
VALUES('abc010','$2a$12$Zvaej4PNgRURKlAMPurdsuq3y/ScO/wU8g0iRyHj8yYlDypmbjwhq','돼징','ehowld@gmail.com','ROLE_MEMBER',0,'2008-11-30','한국');
INSERT INTO member(member_id,member_pwd,member_nickname,member_email,member_grant,member_report_cnt,member_birth,member_country)
-- VALUES('abc011','pwd222','돼징','ehowld@gmail.com',10,10,'2008-11-30');
VALUES('abc011','$2a$12$Zvaej4PNgRURKlAMPurdsuq3y/ScO/wU8g0iRyHj8yYlDypmbjwhq','돼징','ehowld@gmail.com','ROLE_MEMBER',0,'2008-11-30','한국');
-- VALUES('abc010','pwd222','돼징','ehowld@gmail.com',10,10,'2008-11-30');


INSERT INTO report(report_no,review_no,report_member_no,reported_member_no,report_type)
VALUES(1,19,2,3,1);
INSERT INTO report(report_no,review_no,report_member_no,reported_member_no,report_type)
VALUES(2,3,3,2,1);
INSERT INTO report(report_no,review_no,report_member_no,reported_member_no,report_type)
VALUES(3,1,2,3,1);
INSERT INTO report(report_no,review_no,report_member_no,reported_member_no,report_type)
VALUES(4,3,3,2,1);
INSERT INTO report(report_no,review_no,report_member_no,reported_member_no,report_type)
VALUES(5,1,2,3,3);
INSERT INTO report(report_no,review_no,report_member_no,reported_member_no,report_type)
VALUES(6,3,3,2,1);
INSERT INTO report(report_no,review_no,report_member_no,reported_member_no,report_type)
VALUES(7,1,2,3,1);
INSERT INTO report(report_no,review_no,report_member_no,reported_member_no,report_type)
VALUES(8,3,3,2,1);
INSERT INTO report(report_no,review_no,report_member_no,reported_member_no,report_type)
VALUES(9,1,2,3,2);
INSERT INTO report(report_no,review_no,report_member_no,reported_member_no,report_type)
VALUES(10,3,3,2,1);
INSERT INTO report(report_no,review_no,report_member_no,reported_member_no,report_type)
VALUES(11,1,2,3,3);
INSERT INTO report(report_no,review_no,report_member_no,reported_member_no,report_type)
VALUES(12,3,3,2,2);
INSERT INTO report(report_no,review_no,report_member_no,reported_member_no,report_type)
VALUES(13,1,2,3,1);
INSERT INTO report(report_no,review_no,report_member_no,reported_member_no,report_type)
VALUES(14,3,3,2,1);
INSERT INTO report(report_no,review_no,report_member_no,reported_member_no,report_type)
VALUES(15,1,2,3,2);
INSERT INTO report(report_no,review_no,report_member_no,reported_member_no,report_type)
VALUES(16,3,3,2,1);
INSERT INTO report(report_no,review_no,report_member_no,reported_member_no,report_type)
VALUES(17,1,2,3,3);
INSERT INTO report(report_no,review_no,report_member_no,reported_member_no,report_type)
VALUES(18,3,3,2,2);


INSERT INTO request(request_country, request_food_type, request_food,request_price,request_member_no, request_content)
VALUES('한국','과자','신상요청1',1500,1, 'test1');
INSERT INTO request(request_country, request_food_type, request_food,request_price,request_member_no, request_content)
VALUES('일본','과자','신상요청2',1500,2, 'test2');
INSERT INTO request(request_country, request_food_type, request_food,request_price,request_member_no, request_content)
VALUES('대만','과자','신상요청3',1500,3, 'test3');
INSERT INTO request(request_country, request_food_type, request_food,request_price,request_member_no, request_content)
VALUES('한국','과자','신상요청1',1500,1, 'test1');
INSERT INTO request(request_country, request_food_type, request_food,request_price,request_member_no, request_content)
VALUES('일본','과자','신상요청2',1500,2, 'test2');
INSERT INTO request(request_country, request_food_type, request_food,request_price,request_member_no, request_content)
VALUES('대만','과자','신상요청3',1500,3, 'test3');
INSERT INTO request(request_country, request_food_type, request_food,request_price,request_member_no, request_content)
VALUES('한국','과자','신상요청1',1500,1, 'test1');
INSERT INTO request(request_country, request_food_type, request_food,request_price,request_member_no, request_content)
VALUES('일본','과자','신상요청2',1500,2, 'test2');
INSERT INTO request(request_country, request_food_type, request_food,request_price,request_member_no, request_content)
VALUES('대만','과자','신상요청3',1500,3, 'test3');
INSERT INTO request(request_country, request_food_type, request_food,request_price,request_member_no, request_content)
VALUES('한국','과자','신상요청1',1500,1, 'test1');
INSERT INTO request(request_country, request_food_type, request_food,request_price,request_member_no, request_content)
VALUES('일본','과자','신상요청2',1500,2, 'test2');
INSERT INTO request(request_country, request_food_type, request_food,request_price,request_member_no, request_content)
VALUES('대만','과자','신상요청3',1500,3, 'test3');
INSERT INTO request(request_country, request_food_type, request_food,request_price,request_member_no, request_content)
VALUES('한국','과자','신상요청1',1500,1, 'test1');
INSERT INTO request(request_country, request_food_type, request_food,request_price,request_member_no, request_content)
VALUES('일본','과자','신상요청2',1500,2, 'test2');
INSERT INTO request(request_country, request_food_type, request_food,request_price,request_member_no, request_content)
VALUES('대만','과자','신상요청3',1500,3, 'test3');
INSERT INTO request(request_country, request_food_type, request_food,request_price,request_member_no, request_content)
VALUES('한국','과자','신상요청1',1500,1, 'test1');
INSERT INTO request(request_country, request_food_type, request_food,request_price,request_member_no, request_content)
VALUES('일본','과자','신상요청2',1500,2, 'test2');
INSERT INTO request(request_country, request_food_type, request_food,request_price,request_member_no, request_content)
VALUES('대만','과자','신상요청3',1500,3, 'test3');
INSERT INTO request(request_country, request_food_type, request_food,request_price,request_member_no, request_content)
VALUES('한국','과자','신상요청1',1500,1, 'test1');
INSERT INTO request(request_country, request_food_type, request_food,request_price,request_member_no, request_content)
VALUES('일본','과자','신상요청2',1500,2, 'test2');
INSERT INTO request(request_country, request_food_type, request_food,request_price,request_member_no, request_content)
VALUES('대만','과자','신상요청3',1500,3, 'test3');



INSERT INTO request_pic(request_url)
VALUES('2d1543c9-3745-4012-ac11-de703a6f8d81_dog_test.jpg');
INSERT INTO request_pic(request_url)
VALUES('2d1543c9-3745-4012-ac11-de703a6f8d81_dog_test.jpg');
INSERT INTO request_pic(request_url)
VALUES('2d1543c9-3745-4012-ac11-de703a6f8d81_dog_test.jpg');
INSERT INTO request_pic(request_url)
VALUES('2d1543c9-3745-4012-ac11-de703a6f8d81_dog_test.jpg');
INSERT INTO request_pic(request_url)
VALUES('2d1543c9-3745-4012-ac11-de703a6f8d81_dog_test.jpg');
INSERT INTO request_pic(request_url)
VALUES('2d1543c9-3745-4012-ac11-de703a6f8d81_dog_test.jpg');
INSERT INTO request_pic(request_url)
VALUES('2d1543c9-3745-4012-ac11-de703a6f8d81_dog_test.jpg');
INSERT INTO request_pic(request_url)
VALUES('2d1543c9-3745-4012-ac11-de703a6f8d81_dog_test.jpg');
INSERT INTO request_pic(request_url)
VALUES('2d1543c9-3745-4012-ac11-de703a6f8d81_dog_test.jpg');
INSERT INTO request_pic(request_url)
VALUES('2d1543c9-3745-4012-ac11-de703a6f8d81_dog_test.jpg');
INSERT INTO request_pic(request_url)
VALUES('2d1543c9-3745-4012-ac11-de703a6f8d81_dog_test.jpg');
INSERT INTO request_pic(request_url)
VALUES('2d1543c9-3745-4012-ac11-de703a6f8d81_dog_test.jpg');
INSERT INTO request_pic(request_url)
VALUES('2d1543c9-3745-4012-ac11-de703a6f8d81_dog_test.jpg');
INSERT INTO request_pic(request_url)
VALUES('2d1543c9-3745-4012-ac11-de703a6f8d81_dog_test.jpg');
INSERT INTO request_pic(request_url)
VALUES('2d1543c9-3745-4012-ac11-de703a6f8d81_dog_test.jpg');
INSERT INTO request_pic(request_url)
VALUES('2d1543c9-3745-4012-ac11-de703a6f8d81_dog_test.jpg');
INSERT INTO request_pic(request_url)
VALUES('2d1543c9-3745-4012-ac11-de703a6f8d81_dog_test.jpg');
INSERT INTO request_pic(request_url)
VALUES('2d1543c9-3745-4012-ac11-de703a6f8d81_dog_test.jpg');
INSERT INTO request_pic(request_url)
VALUES('2d1543c9-3745-4012-ac11-de703a6f8d81_dog_test.jpg');
INSERT INTO request_pic(request_url)
VALUES('2d1543c9-3745-4012-ac11-de703a6f8d81_dog_test.jpg');
INSERT INTO request_pic(request_url)
VALUES('2d1543c9-3745-4012-ac11-de703a6f8d81_dog_test.jpg');


INSERT INTO review(review_no, country, review_content,food_name,review_date,review_rate,member_no,food_no,review_keyword,review_price,review_link,like_cnt)
VALUES(1,'한국', '보통 초코와 커피의 맛의 조화는 한가지 맛이 지배적이고 나머지 한 맛이 향 추임새를 넣어주어야하는데, 이 초콜릿은 두 맛이 모두 난잡하게 싸우는 느낌. 거기에 카푸치노의 향이 너무 인공적이다.','김말이','2023-06-01',4.0,1,1,'가성비갑',1000.0,'link', 10);

INSERT INTO review(review_no, country, review_content,food_name,review_date,review_rate,member_no,food_no,review_keyword,review_price,review_link, like_cnt)
VALUES(2, '한국', '보통 초코와 커피의 맛의 조화는 한가지 맛이 지배적이고 나머지 한 맛이 향 추임새를 넣어주어야하는데, 이 초콜릿은 두 맛이 모두 난잡하게 싸우는 느낌. 거기에 카푸치노의 향이 너무 인공적이다.','쌍쌍바','2023-06-10',2.0,2,1,'개별포장',2000.0,'link', 10);

INSERT INTO review(review_no, country, review_content,food_name,review_date,review_rate,member_no,food_no,review_keyword,review_price,review_link, like_cnt)
VALUES(3,'한국','보통 초코와 커피의 맛의 조화는 한가지 맛이 지배적이고 나머지 한 맛이 향 추임새를 넣어주어야하는데, 이 초콜릿은 두 맛이 모두 난잡하게 싸우는 느낌. 거기에 카푸치노의 향이 너무 인공적이다.','프레첼','2023-06-20',5.0,2,2,'선물추천',1000.0,'link', 10);

INSERT INTO review(review_no, country, review_content,food_name,review_date,review_rate,member_no,food_no,review_keyword,review_price,review_link,like_cnt)
VALUES(4,'한국','보통 초코와 커피의 맛의 조화는 한가지 맛이 지배적이고 나머지 한 맛이 향 추임새를 넣어주어야하는데, 이 초콜릿은 두 맛이 모두 난잡하게 싸우는 느낌. 거기에 카푸치노의 향이 너무 인공적이다.','김말이','2023-06-01',4.0,1,1,'가성비갑',1000.0,'link', 10);

INSERT INTO review(review_no, country, review_content,food_name,review_date,review_rate,member_no,food_no,review_keyword,review_price,review_link, like_cnt)
VALUES(5,'한국','기분좋은 진함에 바나나킥향이 적당히 첨가되어있다. 바나나킥 먹고 나면 봉지에 남은 가루를 타먹는 맛. 조화가 전혀 어색하지 않다.','쌍쌍바', '2023-06-10',2.0,2,1,'개별포장',2000.0,'link', 10);

INSERT INTO review(review_no, country, review_content,food_name,review_date,review_rate,member_no,food_no,review_keyword,review_price,review_link, like_cnt)
VALUES(6,'한국','기분좋은 진함에 바나나킥향이 적당히 첨가되어있다. 바나나킥 먹고 나면 봉지에 남은 가루를 타먹는 맛. 조화가 전혀 어색하지 않다.','프레첼', '2023-06-20',5.0,2,2,'선물추천',1000.0,'link', 10);

INSERT INTO review(review_no, country, review_content,food_name,review_date,review_rate,member_no,food_no,review_keyword,review_price,review_link,like_cnt)
VALUES(7,'한국','리뷰 예시01','김말이','2023-06-01',4.0,1,1,'가성비갑',1000.0,'link', 10);


INSERT INTO review(review_no, country, review_content,food_name,review_date,review_rate,member_no,food_no,review_keyword,review_price,review_link, like_cnt)
VALUES(8,'한국','기분좋은 진함에 바나나킥향이 적당히 첨가되어있다. 바나나킥 먹고 나면 봉지에 남은 가루를 타먹는 맛. 조화가 전혀 어색하지 않다.','오레오','2023-06-10',2.0,2,1,'개별포장',2000.0,'link', 10);

INSERT INTO review(review_no, country, review_content,food_name,review_date,review_rate,member_no,food_no,review_keyword,review_price,review_link, like_cnt)
VALUES(9,'한국','기분좋은 진함에 바나나킥향이 적당히 첨가되어있다. 바나나킥 먹고 나면 봉지에 남은 가루를 타먹는 맛. 조화가 전혀 어색하지 않다.','오레오','2023-06-20',5.0,2,2,'선물추천',1000.0,'link', 10);


INSERT INTO review(review_no, country, review_content,food_name,review_date,review_rate,member_no,food_no,review_keyword,review_price,review_link,like_cnt)
VALUES(10,'한국','기분좋은 진함에 바나나킥향이 적당히 첨가되어있다. 바나나킥 먹고 나면 봉지에 남은 가루를 타먹는 맛. 조화가 전혀 어색하지 않다.','오레오','2023-06-01',4.0,1,1,'가성비갑',1000.0,'link', 10);


INSERT INTO review(review_no, country, review_content,food_name,review_date,review_rate,member_no,food_no,review_keyword,review_price,review_link)
VALUES(11,'한국','미국에서 상당히 인기있는 리세스 초콜릿을 M&M 스타일로 줄인 버젼. 오리지널 리세스는 꽤 큰편인데, 저 작은 한알에도 그 맛이 전부 표현된다는게 신기하다. 내가 원래 리세스를 그리 좋아하지는 않았지만, 저렇게 작게작게 먹으니 뭔가 더 맛있었다.','오레오','2023-06-10',2.0,2,1,'개별포장',2000.0,'link');


INSERT INTO review(review_no, country, review_content,food_name,review_date,review_rate,member_no,food_no,review_keyword,review_price,review_link)
VALUES(12,'한국','미국에서 상당히 인기있는 리세스 초콜릿을 M&M 스타일로 줄인 버젼. 오리지널 리세스는 꽤 큰편인데, 저 작은 한알에도 그 맛이 전부 표현된다는게 신기하다. 내가 원래 리세스를 그리 좋아하지는 않았지만, 저렇게 작게작게 먹으니 뭔가 더 맛있었다.','오레오','2023-06-20',5.0,2,2,'선물추천',1000.0,'link');


INSERT INTO review(review_no, country, review_content,food_name,review_date,review_rate,member_no,food_no,review_keyword,review_price,review_link)
VALUES(13,'한국','미국에서 상당히 인기있는 리세스 초콜릿을 M&M 스타일로 줄인 버젼. 오리지널 리세스는 꽤 큰편인데, 저 작은 한알에도 그 맛이 전부 표현된다는게 신기하다. 내가 원래 리세스를 그리 좋아하지는 않았지만, 저렇게 작게작게 먹으니 뭔가 더 맛있었다.','오레오','2023-06-20',5.0,2,2,'선물추천',1000.0,'link');
INSERT INTO review(review_no, country, review_content,food_name,review_date,review_rate,member_no,food_no,review_keyword,review_price,review_link)
VALUES(14,'한국','미국에서 상당히 인기있는 리세스 초콜릿을 M&M 스타일로 줄인 버젼. 오리지널 리세스는 꽤 큰편인데, 저 작은 한알에도 그 맛이 전부 표현된다는게 신기하다. 내가 원래 리세스를 그리 좋아하지는 않았지만, 저렇게 작게작게 먹으니 뭔가 더 맛있었다.','오레오','2023-06-20',5.0,2,2,'선물추천',1000.0,'link');
INSERT INTO review(review_no, country, review_content,food_name,review_date,review_rate,member_no,food_no,review_keyword,review_price,review_link)
VALUES(15,'한국','미국에서 상당히 인기있는 리세스 초콜릿을 M&M 스타일로 줄인 버젼. 오리지널 리세스는 꽤 큰편인데, 저 작은 한알에도 그 맛이 전부 표현된다는게 신기하다. 내가 원래 리세스를 그리 좋아하지는 않았지만, 저렇게 작게작게 먹으니 뭔가 더 맛있었다.','오레오','2023-06-20',5.0,2,2,'선물추천',1000.0,'link');
INSERT INTO review(review_no, country, review_content,food_name,review_date,review_rate,member_no,food_no,review_keyword,review_price,review_link, like_cnt)
VALUES(16,'한국','리뷰 예시03','오레오','2023-06-20',5.0,2,2,'선물추천',1000.0,'link', 10);
INSERT INTO review(review_no, country, review_content,food_name,review_date,review_rate,member_no,food_no,review_keyword,review_price,review_link)
VALUES(17,'한국','리뷰 예시03','오레오','2023-06-20',5.0,2,2,'선물추천',1000.0,'link');
INSERT INTO review(review_no, country, review_content,food_name,review_date,review_rate,member_no,food_no,review_keyword,review_price,review_link)
VALUES(18,'한국','리뷰 예시03','오레오','2023-06-20',5.0,2,2,'선물추천',1000.0,'link');
INSERT INTO review(review_no, country, review_content,food_name,review_date,review_rate,member_no,food_no,review_keyword,review_price,review_link,report_cnt)
VALUES(19,'한국','신고, 블랙리스트 테스트','오레오','2023-06-20',5.0,3,2,'선물추천',1000.0,'link', 9);


-- INSERT INTO review_like(review_no,member_no)
-- VALUES(1,2);
-- INSERT INTO review_like(review_no,member_no)
-- VALUES(2,2);
-- INSERT INTO review_like(review_no,member_no)
-- VALUES(1,1);
-- INSERT INTO review_like(review_no,member_no)
-- VALUES(3,2);


-- INSERT INTO review_pic(review_no,review_pic_no,review_pic_url)
-- VALUES(1,1,'link');
-- INSERT INTO review_pic(review_no,review_pic_no,review_pic_url)
-- VALUES(2,2,'link');
-- INSERT INTO review_pic(review_no,review_pic_no,review_pic_url)
-- VALUES(2,3,'link');
-- INSERT INTO review_pic(review_no,review_pic_no,review_pic_url)
-- VALUES(2,4,'link');

INSERT INTO stat(update_date,food_no, food_name, review_cnt,food_rate,like_cnt,member_age_group, member_gender, country)
VALUES('2023-07-25',20,'감동란',200,4.5,100,20,'M','한국');
INSERT INTO stat(update_date,food_no,food_name, review_cnt,food_rate,like_cnt,member_age_group, member_gender, country)
VALUES('2023-07-25',21,'통크',255,3.8,200,10,'F','한국');
INSERT INTO stat(update_date,food_no,food_name, review_cnt,food_rate,like_cnt,member_age_group, member_gender, country)
VALUES('2023-07-25',22,'SUI',150,5.0,120,30,'F','한국');
INSERT INTO stat(update_date,food_no, food_name, review_cnt,food_rate,like_cnt,member_age_group, member_gender, country)
VALUES('2023-07-25',23,'빼빼로',188,3.02,100,20,'M','한국');
INSERT INTO stat(update_date,food_no,food_name, review_cnt,food_rate,like_cnt,member_age_group, member_gender, country)
VALUES('2023-07-25',24,'콘칩',6,3.94,200,10,'F','한국');
INSERT INTO stat(update_date,food_no,food_name, review_cnt,food_rate,like_cnt,member_age_group, member_gender, country)
VALUES('2023-07-25',25,'오감자',499,1.8,120,30,'F','한국');
INSERT INTO stat(update_date,food_no, food_name, review_cnt,food_rate,like_cnt,member_age_group, member_gender, country)
VALUES('2023-07-25',26,'스윙칩',123,4.5,100,20,'M','한국');
INSERT INTO stat(update_date,food_no,food_name, review_cnt,food_rate,like_cnt,member_age_group, member_gender, country)
VALUES('2023-07-25',27,'핫소스빵',321,1.0,200,10,'F','한국');
INSERT INTO stat(update_date,food_no,food_name, review_cnt,food_rate,like_cnt,member_age_group, member_gender, country)
VALUES('2023-07-25',28,'개구리',22,4.9,120,30,'F','한국');
INSERT INTO stat(update_date,food_no, food_name, review_cnt,food_rate,like_cnt,member_age_group, member_gender, country)
VALUES('2023-07-25',29,'미니언',33,2.8,100,20,'M','한국');
INSERT INTO stat(update_date,food_no,food_name, review_cnt,food_rate,like_cnt,member_age_group, member_gender, country)
VALUES('2023-07-25',30,'물',166,1.88,200,10,'F','한국');

INSERT INTO stat(update_date,food_no, food_name, review_cnt,food_rate,like_cnt,member_age_group, member_gender, country)
VALUES('2023-07-25',20,'미국감동란',200,4.5,100,20,'M','미국');
INSERT INTO stat(update_date,food_no,food_name, review_cnt,food_rate,like_cnt,member_age_group, member_gender, country)
VALUES('2023-07-25',21,'미국통크',255,3.8,200,10,'F','미국');
INSERT INTO stat(update_date,food_no,food_name, review_cnt,food_rate,like_cnt,member_age_group, member_gender, country)
VALUES('2023-07-25',22,'미국SUI',150,5.0,120,30,'F','미국');
INSERT INTO stat(update_date,food_no, food_name, review_cnt,food_rate,like_cnt,member_age_group, member_gender, country)
VALUES('2023-07-25',23,'미국빼빼로',188,3.02,100,20,'M','미국');
INSERT INTO stat(update_date,food_no,food_name, review_cnt,food_rate,like_cnt,member_age_group, member_gender, country)
VALUES('2023-07-25',24,'미국콘칩',6,3.94,200,10,'F','미국');
INSERT INTO stat(update_date,food_no,food_name, review_cnt,food_rate,like_cnt,member_age_group, member_gender, country)
VALUES('2023-07-25',25,'미국오감자',499,1.8,120,30,'F','미국');
INSERT INTO stat(update_date,food_no, food_name, review_cnt,food_rate,like_cnt,member_age_group, member_gender, country)
VALUES('2023-07-25',26,'미국스윙칩',123,4.5,100,20,'M','미국');
INSERT INTO stat(update_date,food_no,food_name, review_cnt,food_rate,like_cnt,member_age_group, member_gender, country)
VALUES('2023-07-25',27,'미국핫소스빵',321,1.0,200,10,'F','미국');
INSERT INTO stat(update_date,food_no,food_name, review_cnt,food_rate,like_cnt,member_age_group, member_gender, country)
VALUES('2023-07-25',28,'미국개구리',22,4.9,120,30,'F','미국');
INSERT INTO stat(update_date,food_no, food_name, review_cnt,food_rate,like_cnt,member_age_group, member_gender, country)
VALUES('2023-07-25',29,'미국미니언',33,2.8,100,20,'M','미국');
INSERT INTO stat(update_date,food_no,food_name, review_cnt,food_rate,like_cnt,member_age_group, member_gender, country)
VALUES('2023-07-25',30,'미국물',166,1.88,200,10,'F','미국');

INSERT INTO stat(update_date,food_no, food_name, review_cnt,food_rate,like_cnt,member_age_group, member_gender, country)
VALUES('2023-07-21',20,'감동란',200,4.5,100,20,'M','한국');
INSERT INTO stat(update_date,food_no,food_name, review_cnt,food_rate,like_cnt,member_age_group, member_gender, country)
VALUES('2023-07-21',21,'통크',255,3.8,200,10,'F','한국');
INSERT INTO stat(update_date,food_no,food_name, review_cnt,food_rate,like_cnt,member_age_group, member_gender, country)
VALUES('2023-07-21',22,'SUI',150,5.0,120,30,'F','한국');
INSERT INTO stat(update_date,food_no, food_name, review_cnt,food_rate,like_cnt,member_age_group, member_gender, country)
VALUES('2023-07-21',23,'빼빼로',188,3.02,100,20,'M','한국');
INSERT INTO stat(update_date,food_no,food_name, review_cnt,food_rate,like_cnt,member_age_group, member_gender, country)
VALUES('2023-07-21',24,'콘칩',6,3.94,200,10,'F','한국');
INSERT INTO stat(update_date,food_no,food_name, review_cnt,food_rate,like_cnt,member_age_group, member_gender, country)
VALUES('2023-07-21',25,'오감자',499,1.8,120,30,'F','한국');
INSERT INTO stat(update_date,food_no, food_name, review_cnt,food_rate,like_cnt,member_age_group, member_gender, country)
VALUES('2023-07-21',26,'스윙칩',123,4.5,100,20,'M','한국');
INSERT INTO stat(update_date,food_no,food_name, review_cnt,food_rate,like_cnt,member_age_group, member_gender, country)
VALUES('2023-07-21',27,'핫소스빵',321,1.0,200,10,'F','한국');
INSERT INTO stat(update_date,food_no,food_name, review_cnt,food_rate,like_cnt,member_age_group, member_gender, country)
VALUES('2023-07-21',28,'개구리',22,4.9,120,30,'F','한국');
INSERT INTO stat(update_date,food_no, food_name, review_cnt,food_rate,like_cnt,member_age_group, member_gender, country)
VALUES('2023-07-21',29,'미니언',33,2.8,100,20,'M','한국');
INSERT INTO stat(update_date,food_no,food_name, review_cnt,food_rate,like_cnt,member_age_group, member_gender, country)
VALUES('2023-07-21',30,'물',166,1.88,200,10,'F','한국');

INSERT INTO stat(update_date,food_no, food_name, review_cnt,food_rate,like_cnt,member_age_group, member_gender, country)
VALUES('2023-07-21',20,'미국감동란',200,5.0,100,20,'M','미국');
INSERT INTO stat(update_date,food_no,food_name, review_cnt,food_rate,like_cnt,member_age_group, member_gender, country)
VALUES('2023-07-21',21,'미국통크',255,3.8,200,10,'F','미국');
INSERT INTO stat(update_date,food_no,food_name, review_cnt,food_rate,like_cnt,member_age_group, member_gender, country)
VALUES('2023-07-21',22,'미국SUI',150,5.0,120,30,'F','미국');
INSERT INTO stat(update_date,food_no, food_name, review_cnt,food_rate,like_cnt,member_age_group, member_gender, country)
VALUES('2023-07-21',23,'미국빼빼로',188,3.02,100,20,'M','미국');
INSERT INTO stat(update_date,food_no,food_name, review_cnt,food_rate,like_cnt,member_age_group, member_gender, country)
VALUES('2023-07-21',24,'미국콘칩',6,3.94,200,10,'F','미국');
INSERT INTO stat(update_date,food_no,food_name, review_cnt,food_rate,like_cnt,member_age_group, member_gender, country)
VALUES('2023-07-21',25,'미국오감자',499,1.8,120,30,'F','미국');
INSERT INTO stat(update_date,food_no, food_name, review_cnt,food_rate,like_cnt,member_age_group, member_gender, country)
VALUES('2023-07-21',26,'미국스윙칩',123,4.5,100,20,'M','미국');
INSERT INTO stat(update_date,food_no,food_name, review_cnt,food_rate,like_cnt,member_age_group, member_gender, country)
VALUES('2023-07-21',27,'미국핫소스빵',321,1.0,200,10,'F','미국');
INSERT INTO stat(update_date,food_no,food_name, review_cnt,food_rate,like_cnt,member_age_group, member_gender, country)
VALUES('2023-07-21',28,'미국개구리',22,4.9,120,30,'F','미국');
INSERT INTO stat(update_date,food_no, food_name, review_cnt,food_rate,like_cnt,member_age_group, member_gender, country)
VALUES('2023-07-21',29,'미국미니언',33,2.8,100,20,'M','미국');
INSERT INTO stat(update_date,food_no,food_name, review_cnt,food_rate,like_cnt,member_age_group, member_gender, country)
VALUES('2023-07-21',30,'미국물',166,1.88,200,10,'F','미국');

INSERT INTO stat(update_date,food_no,food_name, review_cnt,food_rate,like_cnt,member_age_group, member_gender, country)
VALUES('2023-02-21',25,'미국오감자',499,1.8,120,30,'F','미국');
INSERT INTO stat(update_date,food_no, food_name, review_cnt,food_rate,like_cnt,member_age_group, member_gender, country)
VALUES('2023-03-21',25,'미국오감자',123,4.5,100,20,'M','미국');
INSERT INTO stat(update_date,food_no,food_name, review_cnt,food_rate,like_cnt,member_age_group, member_gender, country)
VALUES('2023-04-21',25,'미국오감자',321,1.0,200,10,'F','미국');
INSERT INTO stat(update_date,food_no,food_name, review_cnt,food_rate,like_cnt,member_age_group, member_gender, country)
VALUES('2023-05-21',25,'미국오감자',22,4.9,120,30,'F','미국');
INSERT INTO stat(update_date,food_no, food_name, review_cnt,food_rate,like_cnt,member_age_group, member_gender, country)
VALUES('2023-06-21',25,'미국오감자',33,2.8,100,20,'M','미국');
INSERT INTO stat(update_date,food_no,food_name, review_cnt,food_rate,like_cnt,member_age_group, member_gender, country)
VALUES('2023-07-21',25,'미국오감자',166,1.88,200,10,'F','미국');

INSERT INTO app_review(app_review_content, app_review_rate, member_nickname, member_no)
VALUES ('과자 종류가 많이 없어서 아쉬워요.',2.0,'초코맛있다',1);
INSERT INTO app_review(app_review_content, app_review_rate, member_nickname, member_no)
VALUES ('신기한 웹사이트네요!',5.0,'냠냠이',10);
INSERT INTO app_review(app_review_content, app_review_rate, member_nickname, member_no)
VALUES ('제가 좋아하는 과자는 없네요.',1.5,'치킨',11);
INSERT INTO app_review(app_review_content, app_review_rate, member_nickname, member_no)
VALUES ('물건을 살 때 유용한 정보가 많아서 도움이 됩니다.',5.0,'ㅁㅁ',21);
INSERT INTO app_review(app_review_content, app_review_rate, member_nickname, member_no)
VALUES ('디자인이 예쁘고 사용하기 편리해요..',4.0,'딸기맛있다',32);
INSERT INTO app_review(app_review_content, app_review_rate, member_nickname, member_no)
VALUES ('오류가 자주 발생해서 아쉽습니다.',1.0,'다이어트',22);
INSERT INTO app_review(app_review_content, app_review_rate, member_nickname, member_no)
VALUES ('여러 기능을 무료로 제공해서 좋아요..',3.5,'다맛있다',40);
INSERT INTO app_review(app_review_content, app_review_rate, member_nickname, member_no)
VALUES ('인터페이스가 직관적이고 쉽게 사용할 수 있어서 좋아요.',3.0,'닉닉',11);
INSERT INTO app_review(app_review_content, app_review_rate, member_nickname, member_no)
VALUES ('빠른 반응 속도가 매우 만족스러워요.',4.0,'초초',33);
INSERT INTO app_review(app_review_content, app_review_rate, member_nickname, member_no)
VALUES ('소셜 로그인 지원해주세요!! 불편해요',2.0,'얍얍',44);
INSERT INTO app_review(app_review_content, app_review_rate, member_nickname, member_no)
VALUES ('다른 언어도 지원이 되면 좋을 것 같네요.',4.0,'영어조아',23);
INSERT INTO app_review(app_review_content, app_review_rate, member_nickname, member_no)
VALUES ('광고 없이 깔끔하게 사용할 수 있어서 좋아요.',5.0,'우와',43);
INSERT INTO app_review(app_review_content, app_review_rate, member_nickname, member_no)
VALUES ('과자 종류가 많이 없어서 아쉬워요ㅠㅠ',2.0,'맛있다',27);

INSERT INTO member(member_id,member_pwd,member_nickname,member_email,member_grant,member_report_cnt,member_birth,member_country, member_gender)
VALUES('stat000','$2a$12$Zvaej4PNgRURKlAMPurdsuq3y/ScO/wU8g0iRyHj8yYlDypmbjwhq','통계걸','stat@gmail.com','ROLE_MEMBER',0,'2008-11-30','한국','F');
INSERT INTO member(member_id,member_pwd,member_nickname,member_email,member_grant,member_report_cnt,member_birth,member_country, member_gender)
VALUES('stat111','$2a$12$Zvaej4PNgRURKlAMPurdsuq3y/ScO/wU8g0iRyHj8yYlDypmbjwhq','통계보이','stat2@gmail.com','ROLE_MEMBER',0,'2008-11-30','한국','M');
INSERT INTO review(review_no, country, review_content,food_name,review_date,review_rate,member_no,food_no,review_keyword,review_price,review_link,like_cnt)
VALUES(25,'ko','리뷰 예시03','미국오감자','2023-06-20',5.0,14,25,'선물추천',1000.0,'link', 4);
INSERT INTO review(review_no, country, review_content,food_name,review_date,review_rate,member_no,food_no,review_keyword,review_price,review_link,like_cnt)
VALUES(26,'ko','리뷰 예시03','미국오감자','2023-06-20',5.0,15,25,'선물추천',1000.0,'link', 5);